file_name,classes,record,doi
C201911202N00007F01.jpg,mount,C-201911202-N00007,https://doi.org/10.71928/C-201911202-N00007
C201911202N00008F01.jpg,clothing pin,C-201911202-N00008,https://doi.org/10.71928/C-201911202-N00008
C201911202N00013F01.jpg,circle/ring,C-201911202-N00013,https://doi.org/10.71928/C-201911202-N00013
C201911202N00017F01.jpg,coin,C-201911202-N00017,https://doi.org/10.71928/C-201911202-N00017
C201911202N00018F01.jpg,mount,C-201911202-N00018,https://doi.org/10.71928/C-201911202-N00018
C201911202N00020F01.jpg,mount,C-201911202-N00020,https://doi.org/10.71928/C-201911202-N00020
C202009779N00004F01.jpg,pendant,C-202009779-N00004,https://doi.org/10.71928/C-202009779-N00004
C202009779N00010F01.jpg,buckle,C-202009779-N00010,https://doi.org/10.71928/C-202009779-N00010
C202009779N00011F01.jpg,mount,C-202009779-N00011,https://doi.org/10.71928/C-202009779-N00011
C202010404N00016F01.jpg,clothing pin,C-202010404-N00016,https://doi.org/10.71928/C-202010404-N00016
C202010514N00001F01.jpg,bracelet,C-202010514-N00001,https://doi.org/10.71928/C-202010514-N00001
C202010524N00002F01.jpg,mount,C-202010524-N00002,https://doi.org/10.71928/C-202010524-N00002
C202010524N00003F01.jpg,clothing pin,C-202010524-N00003,https://doi.org/10.71928/C-202010524-N00003
C202010524N00005F01.jpg,fibula,C-202010524-N00005,https://doi.org/10.71928/C-202010524-N00005
C202010524N00014F01.jpg,coin,C-202010524-N00014,https://doi.org/10.71928/C-202010524-N00014
C202010524N00018F02.jpg,pendant,C-202010524-N00018,https://doi.org/10.71928/C-202010524-N00018
C202104531N00005F01.jpg,bracelet,C-202104531-N00005,https://doi.org/10.71928/C-202104531-N00005
C202104531N00005F02.jpg,bracelet,C-202104531-N00005,https://doi.org/10.71928/C-202104531-N00005
C202108672N00002F01.jpg,buckle,C-202108672-N00002,https://doi.org/10.71928/C-202108672-N00002
C202108672N00003F01.jpg,mount,C-202108672-N00003,https://doi.org/10.71928/C-202108672-N00003
C202108672N00004F01.jpg,pendant,C-202108672-N00004,https://doi.org/10.71928/C-202108672-N00004
C202108672N00005F01.jpg,pendant,C-202108672-N00005,https://doi.org/10.71928/C-202108672-N00005
C202108672N00007F01.jpg,pendant,C-202108672-N00007,https://doi.org/10.71928/C-202108672-N00007
C202108672N00014F01.jpg,pendant,C-202108672-N00014,https://doi.org/10.71928/C-202108672-N00014
C202108672N00017F04.jpg,fibula,C-202108672-N00017,https://doi.org/10.71928/C-202108672-N00017
C202108672N00025F01.jpg,circle/ring,C-202108672-N00025,https://doi.org/10.71928/C-202108672-N00025
C202108672N00027F01.jpg,fibula,C-202108672-N00027,https://doi.org/10.71928/C-202108672-N00027
C202108672N00030F01.jpg,mount,C-202108672-N00030,https://doi.org/10.71928/C-202108672-N00030
C202108672N00031F01.jpg,mount,C-202108672-N00031,https://doi.org/10.71928/C-202108672-N00031
C202109132N00006F01.jpg,coin,C-202109132-N00006,https://doi.org/10.71928/C-202109132-N00006
C202109132N00011F01.jpg,mount,C-202109132-N00011,https://doi.org/10.71928/C-202109132-N00011
C202109132N00014F01.jpg,arrow/arrowhead,C-202109132-N00014,https://doi.org/10.71928/C-202109132-N00014
C202109132N00019F01.jpg,mount,C-202109132-N00019,https://doi.org/10.71928/C-202109132-N00019
C202109132N00020F01.jpg,buckle,C-202109132-N00020,https://doi.org/10.71928/C-202109132-N00020
C202109132N00021F01.jpg,circle/ring,C-202109132-N00021,https://doi.org/10.71928/C-202109132-N00021
C202109132N00022F01.jpg,circle/ring,C-202109132-N00022,https://doi.org/10.71928/C-202109132-N00022
C202109132N00024F01.jpg,clothing pin,C-202109132-N00024,https://doi.org/10.71928/C-202109132-N00024
C202109132N00049F01.jpg,bracelet,C-202109132-N00049,https://doi.org/10.71928/C-202109132-N00049
C202109132N00050F02.jpg,mount,C-202109132-N00050,https://doi.org/10.71928/C-202109132-N00050
C202109132N00072F01.jpg,mount,C-202109132-N00072,https://doi.org/10.71928/C-202109132-N00072
C202109132N00073F01.jpg,mount,C-202109132-N00073,https://doi.org/10.71928/C-202109132-N00073
C202109132N00078F01.jpg,arrow/arrowhead,C-202109132-N00078,https://doi.org/10.71928/C-202109132-N00078
C202109132N00081F01.jpg,pendant,C-202109132-N00081,https://doi.org/10.71928/C-202109132-N00081
C202109132N00084F02.jpg,mount,C-202109132-N00084,https://doi.org/10.71928/C-202109132-N00084
C202109132N00094F01.jpg,clothing pin,C-202109132-N00094,https://doi.org/10.71928/C-202109132-N00094
C202109132N00096F01.jpg,circle/ring,C-202109132-N00096,https://doi.org/10.71928/C-202109132-N00096
C202109132N00097F01.jpg,circle/ring,C-202109132-N00097,https://doi.org/10.71928/C-202109132-N00097
C202109132N00099F01.jpg,bracelet,C-202109132-N00099,https://doi.org/10.71928/C-202109132-N00099
C202109132N00100F02.jpg,fibula,C-202109132-N00100,https://doi.org/10.71928/C-202109132-N00100
C202109132N00104F01.jpg,circle/ring,C-202109132-N00104,https://doi.org/10.71928/C-202109132-N00104
C202109132N00105F01.jpg,circle/ring,C-202109132-N00105,https://doi.org/10.71928/C-202109132-N00105
C202109132N00106F01.jpg,mount,C-202109132-N00106,https://doi.org/10.71928/C-202109132-N00106
C202109132N00107F01.jpg,circle/ring,C-202109132-N00107,https://doi.org/10.71928/C-202109132-N00107
C202109132N00109F01.jpg,circle/ring,C-202109132-N00109,https://doi.org/10.71928/C-202109132-N00109
C202109132N00115F01.jpg,circle/ring,C-202109132-N00115,https://doi.org/10.71928/C-202109132-N00115
C202109132N00120F01.jpg,clothing pin,C-202109132-N00120,https://doi.org/10.71928/C-202109132-N00120
C202109132N00121F01.jpg,buckle,C-202109132-N00121,https://doi.org/10.71928/C-202109132-N00121
C202109132N00132F01.jpg,circle/ring,C-202109132-N00132,https://doi.org/10.71928/C-202109132-N00132
C202109132N00134F02.jpg,mount,C-202109132-N00134,https://doi.org/10.71928/C-202109132-N00134
C202109132N00140F01.jpg,circle/ring,C-202109132-N00140,https://doi.org/10.71928/C-202109132-N00140
C202109132N00148F02.jpg,pendant,C-202109132-N00148,https://doi.org/10.71928/C-202109132-N00148
C202109132N00154F01.jpg,buckle,C-202109132-N00154,https://doi.org/10.71928/C-202109132-N00154
C202109132N00157F01.jpg,buckle,C-202109132-N00157,https://doi.org/10.71928/C-202109132-N00157
C202109132N00160F01.jpg,fibula,C-202109132-N00160,https://doi.org/10.71928/C-202109132-N00160
C202109132N00171F01.jpg,fibula,C-202109132-N00171,https://doi.org/10.71928/C-202109132-N00171
C202109132N00172F01.jpg,fibula,C-202109132-N00172,https://doi.org/10.71928/C-202109132-N00172
C202109132N00173F01.jpg,mount,C-202109132-N00173,https://doi.org/10.71928/C-202109132-N00173
C202109132N00175F01.jpg,circle/ring,C-202109132-N00175,https://doi.org/10.71928/C-202109132-N00175
C202109132N00179F01.jpg,circle/ring,C-202109132-N00179,https://doi.org/10.71928/C-202109132-N00179
C202109132N00186F01.jpg,circle/ring,C-202109132-N00186,https://doi.org/10.71928/C-202109132-N00186
C202109132N00194F01.jpg,pendant,C-202109132-N00194,https://doi.org/10.71928/C-202109132-N00194
C202109132N00196F01.jpg,mount,C-202109132-N00196,https://doi.org/10.71928/C-202109132-N00196
C202109132N00197F02.jpg,mount,C-202109132-N00197,https://doi.org/10.71928/C-202109132-N00197
C202109132N00204F02.jpg,mount,C-202109132-N00204,https://doi.org/10.71928/C-202109132-N00204
C202109132N00205F01.jpg,bracelet,C-202109132-N00205,https://doi.org/10.71928/C-202109132-N00205
C202109132N00205F02.jpg,bracelet,C-202109132-N00205,https://doi.org/10.71928/C-202109132-N00205
C202109132N00217F02.jpg,buckle,C-202109132-N00217,https://doi.org/10.71928/C-202109132-N00217
C202109132N00219F01.jpg,mount,C-202109132-N00219,https://doi.org/10.71928/C-202109132-N00219
C202109132N00225F01.jpg,circle/ring,C-202109132-N00225,https://doi.org/10.71928/C-202109132-N00225
C202109132N00227F01.jpg,mount,C-202109132-N00227,https://doi.org/10.71928/C-202109132-N00227
C202109132N00229F03.jpg,circle/ring,C-202109132-N00229,https://doi.org/10.71928/C-202109132-N00229
C202109132N00232F01.jpg,circle/ring,C-202109132-N00232,https://doi.org/10.71928/C-202109132-N00232
C202109132N00241F01.jpg,mount,C-202109132-N00241,https://doi.org/10.71928/C-202109132-N00241
C202109132N00245F01.jpg,circle/ring,C-202109132-N00245,https://doi.org/10.71928/C-202109132-N00245
C202109132N00247F01.jpg,circle/ring,C-202109132-N00247,https://doi.org/10.71928/C-202109132-N00247
C202109132N00248F02.jpg,pendant,C-202109132-N00248,https://doi.org/10.71928/C-202109132-N00248
C202109132N00252F02.jpg,mount,C-202109132-N00252,https://doi.org/10.71928/C-202109132-N00252
C202109132N00255F03.jpg,fibula,C-202109132-N00255,https://doi.org/10.71928/C-202109132-N00255
C202109132N00256F01.jpg,bracelet,C-202109132-N00256,https://doi.org/10.71928/C-202109132-N00256
C202109132N00275F01.jpg,circle/ring,C-202109132-N00275,https://doi.org/10.71928/C-202109132-N00275
C202109132N00280F01.jpg,buckle,C-202109132-N00280,https://doi.org/10.71928/C-202109132-N00280
C202109132N00281F01.jpg,mount,C-202109132-N00281,https://doi.org/10.71928/C-202109132-N00281
C202109132N00283F01.jpg,circle/ring,C-202109132-N00283,https://doi.org/10.71928/C-202109132-N00283
C202109132N00287F01.jpg,circle/ring,C-202109132-N00287,https://doi.org/10.71928/C-202109132-N00287
C202109132N00288F01.jpg,bracelet,C-202109132-N00288,https://doi.org/10.71928/C-202109132-N00288
C202109132N00292F01.jpg,circle/ring,C-202109132-N00292,https://doi.org/10.71928/C-202109132-N00292
C202109132N00294F01.jpg,circle/ring,C-202109132-N00294,https://doi.org/10.71928/C-202109132-N00294
C202109132N00295F01.jpg,pendant,C-202109132-N00295,https://doi.org/10.71928/C-202109132-N00295
C202109132N00300F01.jpg,circle/ring,C-202109132-N00300,https://doi.org/10.71928/C-202109132-N00300
C202109132N00318F01.jpg,circle/ring,C-202109132-N00318,https://doi.org/10.71928/C-202109132-N00318
C202109132N00319F02.jpg,mount,C-202109132-N00319,https://doi.org/10.71928/C-202109132-N00319
C202109132N00320F02.jpg,mount,C-202109132-N00320,https://doi.org/10.71928/C-202109132-N00320
C202109132N00321F02.jpg,mount,C-202109132-N00321,https://doi.org/10.71928/C-202109132-N00321
C202109132N00327F01.jpg,buckle,C-202109132-N00327,https://doi.org/10.71928/C-202109132-N00327
C202109132N00328F01.jpg,circle/ring,C-202109132-N00328,https://doi.org/10.71928/C-202109132-N00328
C202109132N00330F01.jpg,bracelet,C-202109132-N00330,https://doi.org/10.71928/C-202109132-N00330
C202109132N00334F01.jpg,buckle,C-202109132-N00334,https://doi.org/10.71928/C-202109132-N00334
C202109132N00342F01.jpg,mount,C-202109132-N00342,https://doi.org/10.71928/C-202109132-N00342
C202109132N00344F01.jpg,pendant,C-202109132-N00344,https://doi.org/10.71928/C-202109132-N00344
C202109132N00350F02.jpg,coin,C-202109132-N00350,https://doi.org/10.71928/C-202109132-N00350
C202109132N00356F01.jpg,circle/ring,C-202109132-N00356,https://doi.org/10.71928/C-202109132-N00356
C202109132N00358F01.jpg,fibula,C-202109132-N00358,https://doi.org/10.71928/C-202109132-N00358
C202109132N00367F02.jpg,mount,C-202109132-N00367,https://doi.org/10.71928/C-202109132-N00367
C202109132N00369F01.jpg,pendant,C-202109132-N00369,https://doi.org/10.71928/C-202109132-N00369
C202109132N00373F01.jpg,mount,C-202109132-N00373,https://doi.org/10.71928/C-202109132-N00373
C202109132N00374F01.jpg,mount,C-202109132-N00374,https://doi.org/10.71928/C-202109132-N00374
C202109132N00376F01.jpg,pendant,C-202109132-N00376,https://doi.org/10.71928/C-202109132-N00376
C202109132N00383F01.jpg,circle/ring,C-202109132-N00383,https://doi.org/10.71928/C-202109132-N00383
C202109132N00385F02.jpg,mount,C-202109132-N00385,https://doi.org/10.71928/C-202109132-N00385
C202109132N00386F01.jpg,circle/ring,C-202109132-N00386,https://doi.org/10.71928/C-202109132-N00386
C202109132N00392F02.jpg,mount,C-202109132-N00392,https://doi.org/10.71928/C-202109132-N00392
C202109132N00404F02.jpg,fibula,C-202109132-N00404,https://doi.org/10.71928/C-202109132-N00404
C202109132N00409F02.jpg,fibula,C-202109132-N00409,https://doi.org/10.71928/C-202109132-N00409
C202109132N00412F01.jpg,circle/ring,C-202109132-N00412,https://doi.org/10.71928/C-202109132-N00412
C202109132N00416F01.jpg,circle/ring,C-202109132-N00416,https://doi.org/10.71928/C-202109132-N00416
C202109132N00421F01.jpg,circle/ring,C-202109132-N00421,https://doi.org/10.71928/C-202109132-N00421
C202109132N00422F01.jpg,circle/ring,C-202109132-N00422,https://doi.org/10.71928/C-202109132-N00422
C202109132N00423F02.jpg,fibula,C-202109132-N00423,https://doi.org/10.71928/C-202109132-N00423
C202109132N00424F01.jpg,circle/ring,C-202109132-N00424,https://doi.org/10.71928/C-202109132-N00424
C202109132N00425F02.jpg,mount,C-202109132-N00425,https://doi.org/10.71928/C-202109132-N00425
C202109132N00426F01.jpg,fibula,C-202109132-N00426,https://doi.org/10.71928/C-202109132-N00426
C202109132N00428F02.jpg,mount,C-202109132-N00428,https://doi.org/10.71928/C-202109132-N00428
C202109132N00429F01.jpg,mount,C-202109132-N00429,https://doi.org/10.71928/C-202109132-N00429
C202109132N00436F01.jpg,mount,C-202109132-N00436,https://doi.org/10.71928/C-202109132-N00436
C202109132N00444F01.jpg,circle/ring,C-202109132-N00444,https://doi.org/10.71928/C-202109132-N00444
C202109132N00448F02.jpg,pendant,C-202109132-N00448,https://doi.org/10.71928/C-202109132-N00448
C202109132N00453F01.jpg,circle/ring,C-202109132-N00453,https://doi.org/10.71928/C-202109132-N00453
C202109132N00454F01.jpg,mount,C-202109132-N00454,https://doi.org/10.71928/C-202109132-N00454
C202109132N00455F01.jpg,fibula,C-202109132-N00455,https://doi.org/10.71928/C-202109132-N00455
C202109132N00459F02.jpg,mount,C-202109132-N00459,https://doi.org/10.71928/C-202109132-N00459
C202109132N00463F01.jpg,mount,C-202109132-N00463,https://doi.org/10.71928/C-202109132-N00463
C202109132N00465F01.jpg,arrow/arrowhead,C-202109132-N00465,https://doi.org/10.71928/C-202109132-N00465
C202109132N00470F01.jpg,sickle,C-202109132-N00470,https://doi.org/10.71928/C-202109132-N00470
C202109132N00480F01.jpg,fibula,C-202109132-N00480,https://doi.org/10.71928/C-202109132-N00480
C202109132N00481F01.jpg,arrow/arrowhead,C-202109132-N00481,https://doi.org/10.71928/C-202109132-N00481
C202109132N00482F01.jpg,bracelet,C-202109132-N00482,https://doi.org/10.71928/C-202109132-N00482
C202109132N00493F02.jpg,coin,C-202109132-N00493,https://doi.org/10.71928/C-202109132-N00493
C202109132N00502F01.jpg,mount,C-202109132-N00502,https://doi.org/10.71928/C-202109132-N00502
C202109132N00512F01.jpg,mount,C-202109132-N00512,https://doi.org/10.71928/C-202109132-N00512
C202109132N00519F01.jpg,mount,C-202109132-N00519,https://doi.org/10.71928/C-202109132-N00519
C202109132N00533F02.jpg,coin,C-202109132-N00533,https://doi.org/10.71928/C-202109132-N00533
C202109132N00535F01.jpg,mount,C-202109132-N00535,https://doi.org/10.71928/C-202109132-N00535
C202109132N00542F01.jpg,arrow/arrowhead,C-202109132-N00542,https://doi.org/10.71928/C-202109132-N00542
C202109132N00555F01.jpg,coin,C-202109132-N00555,https://doi.org/10.71928/C-202109132-N00555
C202109132N00558F01.jpg,buckle,C-202109132-N00558,https://doi.org/10.71928/C-202109132-N00558
C202109132N00559F03.jpg,coin,C-202109132-N00559,https://doi.org/10.71928/C-202109132-N00559
C202109132N00567F01.jpg,circle/ring,C-202109132-N00567,https://doi.org/10.71928/C-202109132-N00567
C202109132N00571F01.jpg,fibula,C-202109132-N00571,https://doi.org/10.71928/C-202109132-N00571
C202109132N00576F01.jpg,buckle,C-202109132-N00576,https://doi.org/10.71928/C-202109132-N00576
C202109132N00577F01.jpg,fibula,C-202109132-N00577,https://doi.org/10.71928/C-202109132-N00577
C202109132N00579F02.jpg,mount,C-202109132-N00579,https://doi.org/10.71928/C-202109132-N00579
C202109132N00586F01.jpg,mount,C-202109132-N00586,https://doi.org/10.71928/C-202109132-N00586
C202109132N00591F01.jpg,circle/ring,C-202109132-N00591,https://doi.org/10.71928/C-202109132-N00591
C202109132N00607F01.jpg,circle/ring,C-202109132-N00607,https://doi.org/10.71928/C-202109132-N00607
C202109132N00610F01.jpg,coin,C-202109132-N00610,https://doi.org/10.71928/C-202109132-N00610
C202109132N00611F01.jpg,mount,C-202109132-N00611,https://doi.org/10.71928/C-202109132-N00611
C202109132N00612F02.jpg,fibula,C-202109132-N00612,https://doi.org/10.71928/C-202109132-N00612
C202109132N00614F02.jpg,fibula,C-202109132-N00614,https://doi.org/10.71928/C-202109132-N00614
C202109132N00617F03.jpg,fibula,C-202109132-N00617,https://doi.org/10.71928/C-202109132-N00617
C202109132N00621F01.jpg,mount,C-202109132-N00621,https://doi.org/10.71928/C-202109132-N00621
C202109132N00622F01.jpg,buckle,C-202109132-N00622,https://doi.org/10.71928/C-202109132-N00622
C202109132N00627F01.jpg,mount,C-202109132-N00627,https://doi.org/10.71928/C-202109132-N00627
C202109132N00628F01.jpg,mount,C-202109132-N00628,https://doi.org/10.71928/C-202109132-N00628
C202109132N00634F01.jpg,mount,C-202109132-N00634,https://doi.org/10.71928/C-202109132-N00634
C202109132N00638F03.jpg,coin,C-202109132-N00638,https://doi.org/10.71928/C-202109132-N00638
C202109132N00640F04.jpg,coin,C-202109132-N00640,https://doi.org/10.71928/C-202109132-N00640
C202109132N00657F01.jpg,mount,C-202109132-N00657,https://doi.org/10.71928/C-202109132-N00657
C202109132N00667F01.jpg,circle/ring,C-202109132-N00667,https://doi.org/10.71928/C-202109132-N00667
C202109132N00670F01.jpg,bracelet,C-202109132-N00670,https://doi.org/10.71928/C-202109132-N00670
C202109132N00675F01.jpg,bracelet,C-202109132-N00675,https://doi.org/10.71928/C-202109132-N00675
C202109132N00681F01.jpg,circle/ring,C-202109132-N00681,https://doi.org/10.71928/C-202109132-N00681
C202109132N00687F01.jpg,clothing pin,C-202109132-N00687,https://doi.org/10.71928/C-202109132-N00687
C202109132N00691F01.jpg,circle/ring,C-202109132-N00691,https://doi.org/10.71928/C-202109132-N00691
C202109132N00706F01.jpg,circle/ring,C-202109132-N00706,https://doi.org/10.71928/C-202109132-N00706
C202109132N00713F01.jpg,mount,C-202109132-N00713,https://doi.org/10.71928/C-202109132-N00713
C202109132N00714F01.jpg,buckle,C-202109132-N00714,https://doi.org/10.71928/C-202109132-N00714
C202109132N00718F01.jpg,bracelet,C-202109132-N00718,https://doi.org/10.71928/C-202109132-N00718
C202109132N00732F01.jpg,mount,C-202109132-N00732,https://doi.org/10.71928/C-202109132-N00732
C202109132N00733F01.jpg,circle/ring,C-202109132-N00733,https://doi.org/10.71928/C-202109132-N00733
C202109132N00734F01.jpg,buckle,C-202109132-N00734,https://doi.org/10.71928/C-202109132-N00734
C202109132N00738F01.jpg,circle/ring,C-202109132-N00738,https://doi.org/10.71928/C-202109132-N00738
C202109175N00004F01.jpg,circle/ring,C-202109175-N00004,https://doi.org/10.71928/C-202109175-N00004
C202109175N00005F01.jpg,mount,C-202109175-N00005,https://doi.org/10.71928/C-202109175-N00005
C202109175N00006F01.jpg,bracelet,C-202109175-N00006,https://doi.org/10.71928/C-202109175-N00006
C202109175N00009F01.jpg,circle/ring,C-202109175-N00009,https://doi.org/10.71928/C-202109175-N00009
C202109175N00010F01.jpg,circle/ring,C-202109175-N00010,https://doi.org/10.71928/C-202109175-N00010
C202109175N00019F01.jpg,coin,C-202109175-N00019,https://doi.org/10.71928/C-202109175-N00019
C202109175N00020F01.jpg,circle/ring,C-202109175-N00020,https://doi.org/10.71928/C-202109175-N00020
C202109175N00025F01.jpg,bracelet,C-202109175-N00025,https://doi.org/10.71928/C-202109175-N00025
C202109175N00026F01.jpg,bracelet,C-202109175-N00026,https://doi.org/10.71928/C-202109175-N00026
C202109175N00030F01.jpg,fibula,C-202109175-N00030,https://doi.org/10.71928/C-202109175-N00030
C202109175N00040F02.jpg,bracelet,C-202109175-N00040,https://doi.org/10.71928/C-202109175-N00040
C202109175N00047F01.jpg,clothing pin,C-202109175-N00047,https://doi.org/10.71928/C-202109175-N00047
C202109175N00050F01.jpg,bracelet,C-202109175-N00050,https://doi.org/10.71928/C-202109175-N00050
C202109175N00052F01.jpg,buckle,C-202109175-N00052,https://doi.org/10.71928/C-202109175-N00052
C202109175N00054F01.jpg,pendant,C-202109175-N00054,https://doi.org/10.71928/C-202109175-N00054
C202109175N00059F01.jpg,mount,C-202109175-N00059,https://doi.org/10.71928/C-202109175-N00059
C202109175N00064F01.jpg,bracelet,C-202109175-N00064,https://doi.org/10.71928/C-202109175-N00064
C202109175N00071F02.jpg,coin,C-202109175-N00071,https://doi.org/10.71928/C-202109175-N00071
C202109175N00072F01.jpg,fibula,C-202109175-N00072,https://doi.org/10.71928/C-202109175-N00072
C202109175N00075F01.jpg,circle/ring,C-202109175-N00075,https://doi.org/10.71928/C-202109175-N00075
C202109175N00078F01.jpg,mount,C-202109175-N00078,https://doi.org/10.71928/C-202109175-N00078
C202109175N00080F01.jpg,circle/ring,C-202109175-N00080,https://doi.org/10.71928/C-202109175-N00080
C202109175N00083F02.jpg,bracelet,C-202109175-N00083,https://doi.org/10.71928/C-202109175-N00083
C202109175N00084F01.jpg,bracelet,C-202109175-N00084,https://doi.org/10.71928/C-202109175-N00084
C202109175N00084F02.jpg,bracelet,C-202109175-N00084,https://doi.org/10.71928/C-202109175-N00084
C202109175N00085F01.jpg,mount,C-202109175-N00085,https://doi.org/10.71928/C-202109175-N00085
C202109175N00086F01.jpg,pendant,C-202109175-N00086,https://doi.org/10.71928/C-202109175-N00086
C202109175N00089F02.jpg,bracelet,C-202109175-N00089,https://doi.org/10.71928/C-202109175-N00089
C202109175N00090F01.jpg,bracelet,C-202109175-N00090,https://doi.org/10.71928/C-202109175-N00090
C202111632N00004F01.jpg,pendant,C-202111632-N00004,https://doi.org/10.71928/C-202111632-N00004
C202111632N00005F01.jpg,fibula,C-202111632-N00005,https://doi.org/10.71928/C-202111632-N00005
C202111632N00008F01.jpg,bracelet,C-202111632-N00008,https://doi.org/10.71928/C-202111632-N00008
C202111632N00011F01.jpg,pendant,C-202111632-N00011,https://doi.org/10.71928/C-202111632-N00011
C202111632N00042F01.jpg,buckle,C-202111632-N00042,https://doi.org/10.71928/C-202111632-N00042
C202111632N00043F01.jpg,buckle,C-202111632-N00043,https://doi.org/10.71928/C-202111632-N00043
C202111632N00050F01.jpg,mount,C-202111632-N00050,https://doi.org/10.71928/C-202111632-N00050
C202111632N00053F01.jpg,pendant,C-202111632-N00053,https://doi.org/10.71928/C-202111632-N00053
C202111632N00056F01.jpg,mount,C-202111632-N00056,https://doi.org/10.71928/C-202111632-N00056
C202111632N00057F01.jpg,mount,C-202111632-N00057,https://doi.org/10.71928/C-202111632-N00057
C202111632N00058F01.jpg,buckle,C-202111632-N00058,https://doi.org/10.71928/C-202111632-N00058
C202111632N00060F01.jpg,clothing pin,C-202111632-N00060,https://doi.org/10.71928/C-202111632-N00060
C202111632N00061F01.jpg,clothing pin,C-202111632-N00061,https://doi.org/10.71928/C-202111632-N00061
C202111632N00062F01.jpg,pendant,C-202111632-N00062,https://doi.org/10.71928/C-202111632-N00062
C202111632N00064F02.jpg,buckle,C-202111632-N00064,https://doi.org/10.71928/C-202111632-N00064
C202111632N00066F01.jpg,buckle,C-202111632-N00066,https://doi.org/10.71928/C-202111632-N00066
C202111632N00067F01.jpg,buckle,C-202111632-N00067,https://doi.org/10.71928/C-202111632-N00067
C202111632N00068F01.jpg,buckle,C-202111632-N00068,https://doi.org/10.71928/C-202111632-N00068
C202111632N00069F01.jpg,buckle,C-202111632-N00069,https://doi.org/10.71928/C-202111632-N00069
C202111632N00069F02.jpg,buckle,C-202111632-N00069,https://doi.org/10.71928/C-202111632-N00069
C202111632N00070F01.jpg,buckle,C-202111632-N00070,https://doi.org/10.71928/C-202111632-N00070
C202111632N00073F01.jpg,buckle,C-202111632-N00073,https://doi.org/10.71928/C-202111632-N00073
C202111632N00076F01.jpg,buckle,C-202111632-N00076,https://doi.org/10.71928/C-202111632-N00076
C202111632N00080F01.jpg,mount,C-202111632-N00080,https://doi.org/10.71928/C-202111632-N00080
C202111632N00082F01.jpg,buckle,C-202111632-N00082,https://doi.org/10.71928/C-202111632-N00082
C202111632N00085F02.jpg,mount,C-202111632-N00085,https://doi.org/10.71928/C-202111632-N00085
C202111632N00096F01.jpg,mount,C-202111632-N00096,https://doi.org/10.71928/C-202111632-N00096
C202111632N00098F01.jpg,pendant,C-202111632-N00098,https://doi.org/10.71928/C-202111632-N00098
C202111632N00109F01.jpg,sickle,C-202111632-N00109,https://doi.org/10.71928/C-202111632-N00109
C202111632N00113F02.jpg,buckle,C-202111632-N00113,https://doi.org/10.71928/C-202111632-N00113
C202111632N00115F01.jpg,buckle,C-202111632-N00115,https://doi.org/10.71928/C-202111632-N00115
C202111632N00125F01.jpg,buckle,C-202111632-N00125,https://doi.org/10.71928/C-202111632-N00125
C202111632N00136F02.jpg,buckle,C-202111632-N00136,https://doi.org/10.71928/C-202111632-N00136
C202111632N00137F01.jpg,buckle,C-202111632-N00137,https://doi.org/10.71928/C-202111632-N00137
C202111632N00139F01.jpg,buckle,C-202111632-N00139,https://doi.org/10.71928/C-202111632-N00139
C202111632N00156F01.jpg,pendant,C-202111632-N00156,https://doi.org/10.71928/C-202111632-N00156
C202111632N00159F01.jpg,buckle,C-202111632-N00159,https://doi.org/10.71928/C-202111632-N00159
C202111632N00161F01.jpg,pendant,C-202111632-N00161,https://doi.org/10.71928/C-202111632-N00161
C202111632N00189F01.jpg,coin,C-202111632-N00189,https://doi.org/10.71928/C-202111632-N00189
C202111632N00194F01.jpg,buckle,C-202111632-N00194,https://doi.org/10.71928/C-202111632-N00194
C202111632N00198F01.jpg,coin,C-202111632-N00198,https://doi.org/10.71928/C-202111632-N00198
C202111632N00199F01.jpg,pendant,C-202111632-N00199,https://doi.org/10.71928/C-202111632-N00199
C202111632N00209F01.jpg,clothing pin,C-202111632-N00209,https://doi.org/10.71928/C-202111632-N00209
C202111632N00213F01.jpg,pendant,C-202111632-N00213,https://doi.org/10.71928/C-202111632-N00213
C202111632N00215F02.jpg,clothing pin,C-202111632-N00215,https://doi.org/10.71928/C-202111632-N00215
C202111632N00223F01.jpg,mount,C-202111632-N00223,https://doi.org/10.71928/C-202111632-N00223
C202204925N00003F01.jpg,arrow/arrowhead,C-202204925-N00003,https://doi.org/10.71928/C-202204925-N00003
C202204925N00005F01.jpg,arrow/arrowhead,C-202204925-N00005,https://doi.org/10.71928/C-202204925-N00005
C202204925N00009F02.jpg,arrow/arrowhead,C-202204925-N00009,https://doi.org/10.71928/C-202204925-N00009
C202204925N00014F01.jpg,arrow/arrowhead,C-202204925-N00014,https://doi.org/10.71928/C-202204925-N00014
C202204925N00016F01.jpg,mount,C-202204925-N00016,https://doi.org/10.71928/C-202204925-N00016
C202204925N00020F01.jpg,arrow/arrowhead,C-202204925-N00020,https://doi.org/10.71928/C-202204925-N00020
C202204925N00024F01.jpg,arrow/arrowhead,C-202204925-N00024,https://doi.org/10.71928/C-202204925-N00024
C202204925N00033F02.jpg,arrow/arrowhead,C-202204925-N00033,https://doi.org/10.71928/C-202204925-N00033
C202204925N00034F02.jpg,arrow/arrowhead,C-202204925-N00034,https://doi.org/10.71928/C-202204925-N00034
C202204925N00038F01.jpg,clothing pin,C-202204925-N00038,https://doi.org/10.71928/C-202204925-N00038
C202204925N00039F02.jpg,sickle,C-202204925-N00039,https://doi.org/10.71928/C-202204925-N00039
C202204925N00050F01.jpg,arrow/arrowhead,C-202204925-N00050,https://doi.org/10.71928/C-202204925-N00050
C202204925N00058F01.jpg,sickle,C-202204925-N00058,https://doi.org/10.71928/C-202204925-N00058
C202204925N00059F01.jpg,arrow/arrowhead,C-202204925-N00059,https://doi.org/10.71928/C-202204925-N00059
C202204925N00061F01.jpg,sickle,C-202204925-N00061,https://doi.org/10.71928/C-202204925-N00061
C202204925N00062F01.jpg,arrow/arrowhead,C-202204925-N00062,https://doi.org/10.71928/C-202204925-N00062
C202204925N00064F01.jpg,circle/ring,C-202204925-N00064,https://doi.org/10.71928/C-202204925-N00064
C202204925N00066F01.jpg,sickle,C-202204925-N00066,https://doi.org/10.71928/C-202204925-N00066
C202204925N00069F01.jpg,sickle,C-202204925-N00069,https://doi.org/10.71928/C-202204925-N00069
C202204925N00077F01.jpg,sickle,C-202204925-N00077,https://doi.org/10.71928/C-202204925-N00077
C202204925N00080F01.jpg,circle/ring,C-202204925-N00080,https://doi.org/10.71928/C-202204925-N00080
C202204925N00082F01.jpg,sickle,C-202204925-N00082,https://doi.org/10.71928/C-202204925-N00082
C202204925N00084F01.jpg,bracelet,C-202204925-N00084,https://doi.org/10.71928/C-202204925-N00084
C202204925N00086F02.jpg,clothing pin,C-202204925-N00086,https://doi.org/10.71928/C-202204925-N00086
C202204925N00090F01.jpg,coin,C-202204925-N00090,https://doi.org/10.71928/C-202204925-N00090
C202204925N00097F01.jpg,circle/ring,C-202204925-N00097,https://doi.org/10.71928/C-202204925-N00097
C202204925N00102F01.jpg,clothing pin,C-202204925-N00102,https://doi.org/10.71928/C-202204925-N00102
C202204925N00103F01.jpg,arrow/arrowhead,C-202204925-N00103,https://doi.org/10.71928/C-202204925-N00103
C202204925N00112F01.jpg,buckle,C-202204925-N00112,https://doi.org/10.71928/C-202204925-N00112
C202204925N00114F01.jpg,mount,C-202204925-N00114,https://doi.org/10.71928/C-202204925-N00114
C202204925N00115F01.jpg,bracelet,C-202204925-N00115,https://doi.org/10.71928/C-202204925-N00115
C202204925N00116F01.jpg,arrow/arrowhead,C-202204925-N00116,https://doi.org/10.71928/C-202204925-N00116
C202204925N00118F01.jpg,sickle,C-202204925-N00118,https://doi.org/10.71928/C-202204925-N00118
C202204925N00130F01.jpg,circle/ring,C-202204925-N00130,https://doi.org/10.71928/C-202204925-N00130
C202210974N00001F01.jpg,pendant,C-202210974-N00001,https://doi.org/10.71928/C-202210974-N00001
C202210974N00003F02.jpg,mount,C-202210974-N00003,https://doi.org/10.71928/C-202210974-N00003
C202210974N00008F01.jpg,circle/ring,C-202210974-N00008,https://doi.org/10.71928/C-202210974-N00008
C202210974N00015F01.jpg,fibula,C-202210974-N00015,https://doi.org/10.71928/C-202210974-N00015
C202210974N00018F01.jpg,clothing pin,C-202210974-N00018,https://doi.org/10.71928/C-202210974-N00018
C202210974N00019F02.jpg,fibula,C-202210974-N00019,https://doi.org/10.71928/C-202210974-N00019
C202210974N00021F02.jpg,bracelet,C-202210974-N00021,https://doi.org/10.71928/C-202210974-N00021
C202210974N00024F01.jpg,mount,C-202210974-N00024,https://doi.org/10.71928/C-202210974-N00024
C202210974N00026F01.jpg,fibula,C-202210974-N00026,https://doi.org/10.71928/C-202210974-N00026
C202210974N00029F01.jpg,circle/ring,C-202210974-N00029,https://doi.org/10.71928/C-202210974-N00029
C202210974N00030F01.jpg,mount,C-202210974-N00030,https://doi.org/10.71928/C-202210974-N00030
C202210975N00001F04.jpg,fibula,C-202210975-N00001,https://doi.org/10.71928/C-202210975-N00001
C202210975N00002F02.jpg,fibula,C-202210975-N00002,https://doi.org/10.71928/C-202210975-N00002
C202211308N00012F01.jpg,mount,C-202211308-N00012,https://doi.org/10.71928/C-202211308-N00012
C202211308N00017F02.jpg,buckle,C-202211308-N00017,https://doi.org/10.71928/C-202211308-N00017
C202211308N00040F01.jpg,mount,C-202211308-N00040,https://doi.org/10.71928/C-202211308-N00040
C202211308N00057F01.jpg,clothing pin,C-202211308-N00057,https://doi.org/10.71928/C-202211308-N00057
C202211308N00058F01.jpg,clothing pin,C-202211308-N00058,https://doi.org/10.71928/C-202211308-N00058
C202211308N00070F01.jpg,arrow/arrowhead,C-202211308-N00070,https://doi.org/10.71928/C-202211308-N00070
C202211308N00075F01.jpg,bracelet,C-202211308-N00075,https://doi.org/10.71928/C-202211308-N00075
C202211308N00087F01.jpg,sickle,C-202211308-N00087,https://doi.org/10.71928/C-202211308-N00087
C202211308N00088F01.jpg,buckle,C-202211308-N00088,https://doi.org/10.71928/C-202211308-N00088
C202211308N00095F01.jpg,coin,C-202211308-N00095,https://doi.org/10.71928/C-202211308-N00095
C202211308N00107F01.jpg,arrow/arrowhead,C-202211308-N00107,https://doi.org/10.71928/C-202211308-N00107
C202211308N00113F01.jpg,arrow/arrowhead,C-202211308-N00113,https://doi.org/10.71928/C-202211308-N00113
C202211308N00114F01.jpg,arrow/arrowhead,C-202211308-N00114,https://doi.org/10.71928/C-202211308-N00114
C202211308N00117F01.jpg,buckle,C-202211308-N00117,https://doi.org/10.71928/C-202211308-N00117
C202211308N00125F01.jpg,buckle,C-202211308-N00125,https://doi.org/10.71928/C-202211308-N00125
C202211308N00129F01.jpg,sickle,C-202211308-N00129,https://doi.org/10.71928/C-202211308-N00129
C202211308N00133F03.jpg,clothing pin,C-202211308-N00133,https://doi.org/10.71928/C-202211308-N00133
C202211308N00134F02.jpg,sickle,C-202211308-N00134,https://doi.org/10.71928/C-202211308-N00134
C202211308N00135F01.jpg,buckle,C-202211308-N00135,https://doi.org/10.71928/C-202211308-N00135
C202211308N00138F01.jpg,buckle,C-202211308-N00138,https://doi.org/10.71928/C-202211308-N00138
C202211308N00146F02.jpg,arrow/arrowhead,C-202211308-N00146,https://doi.org/10.71928/C-202211308-N00146
C202211308N00153F01.jpg,bracelet,C-202211308-N00153,https://doi.org/10.71928/C-202211308-N00153
C202211308N00158F01.jpg,pendant,C-202211308-N00158,https://doi.org/10.71928/C-202211308-N00158
C202211308N00159F02.jpg,pendant,C-202211308-N00159,https://doi.org/10.71928/C-202211308-N00159
C202211308N00160F02.jpg,buckle,C-202211308-N00160,https://doi.org/10.71928/C-202211308-N00160
C202211308N00165F01.jpg,sickle,C-202211308-N00165,https://doi.org/10.71928/C-202211308-N00165
C202211308N00166F01.jpg,mount,C-202211308-N00166,https://doi.org/10.71928/C-202211308-N00166
C202211308N00220F04.jpg,fibula,C-202211308-N00220,https://doi.org/10.71928/C-202211308-N00220
C202301153N00003F01.jpg,clothing pin,C-202301153-N00003,https://doi.org/10.71928/C-202301153-N00003
C202301153N00004F03.jpg,mount,C-202301153-N00004,https://doi.org/10.71928/C-202301153-N00004
C202301153N00008F02.jpg,mount,C-202301153-N00008,https://doi.org/10.71928/C-202301153-N00008
C202305571N00002F01.jpg,circle/ring,C-202305571-N00002,https://doi.org/10.71928/C-202305571-N00002
C202305571N00003F01.jpg,pendant,C-202305571-N00003,https://doi.org/10.71928/C-202305571-N00003
C202305899N00004F02.jpg,mount,C-202305899-N00004,https://doi.org/10.71928/C-202305899-N00004
C202305899N00010F02.jpg,fibula,C-202305899-N00010,https://doi.org/10.71928/C-202305899-N00010
C202305899N00013F02.jpg,mount,C-202305899-N00013,https://doi.org/10.71928/C-202305899-N00013
C202305899N00026F02.jpg,mount,C-202305899-N00026,https://doi.org/10.71928/C-202305899-N00026
C202305899N00028F01.jpg,mount,C-202305899-N00028,https://doi.org/10.71928/C-202305899-N00028
C202305899N00029F02.jpg,mount,C-202305899-N00029,https://doi.org/10.71928/C-202305899-N00029
C202305899N00030F01.jpg,mount,C-202305899-N00030,https://doi.org/10.71928/C-202305899-N00030
C202305899N00031F02.jpg,fibula,C-202305899-N00031,https://doi.org/10.71928/C-202305899-N00031
C202305899N00037F01.jpg,fibula,C-202305899-N00037,https://doi.org/10.71928/C-202305899-N00037
C202305899N00041F02.jpg,mount,C-202305899-N00041,https://doi.org/10.71928/C-202305899-N00041
C202305899N00042F01.jpg,mount,C-202305899-N00042,https://doi.org/10.71928/C-202305899-N00042
C202305899N00049F01.jpg,circle/ring,C-202305899-N00049,https://doi.org/10.71928/C-202305899-N00049
C202311098N00018F01.jpg,buckle,C-202311098-N00018,https://doi.org/10.71928/C-202311098-N00018
C202311098N00019F01.jpg,buckle,C-202311098-N00019,https://doi.org/10.71928/C-202311098-N00019
C202311098N00048F01.jpg,buckle,C-202311098-N00048,https://doi.org/10.71928/C-202311098-N00048
C202311098N00049F03.jpg,pendant,C-202311098-N00049,https://doi.org/10.71928/C-202311098-N00049
C202313308N00005F01.jpg,mount,C-202313308-N00005,https://doi.org/10.71928/C-202313308-N00005
C202313308N00007F01.jpg,bracelet,C-202313308-N00007,https://doi.org/10.71928/C-202313308-N00007
C202313308N00012F01.jpg,clothing pin,C-202313308-N00012,https://doi.org/10.71928/C-202313308-N00012
C202313308N00015F01.jpg,clothing pin,C-202313308-N00015,https://doi.org/10.71928/C-202313308-N00015
C202313308N00016F01.jpg,circle/ring,C-202313308-N00016,https://doi.org/10.71928/C-202313308-N00016
C202313308N00017F01.jpg,pendant,C-202313308-N00017,https://doi.org/10.71928/C-202313308-N00017
C202313308N00021F01.jpg,circle/ring,C-202313308-N00021,https://doi.org/10.71928/C-202313308-N00021
C202313308N00023F01.jpg,circle/ring,C-202313308-N00023,https://doi.org/10.71928/C-202313308-N00023
C202313308N00031F01.jpg,fibula,C-202313308-N00031,https://doi.org/10.71928/C-202313308-N00031
C202400954N00004F01.jpg,sickle,C-202400954-N00004,https://doi.org/10.71928/C-202400954-N00004
C202400954N00005F01.jpg,buckle,C-202400954-N00005,https://doi.org/10.71928/C-202400954-N00005
C202400954N00010F01.jpg,coin,C-202400954-N00010,https://doi.org/10.71928/C-202400954-N00010
C202400954N00013F01.jpg,arrow/arrowhead,C-202400954-N00013,https://doi.org/10.71928/C-202400954-N00013
C202400954N00021F01.jpg,arrow/arrowhead,C-202400954-N00021,https://doi.org/10.71928/C-202400954-N00021
C202400954N00029F01.jpg,circle/ring,C-202400954-N00029,https://doi.org/10.71928/C-202400954-N00029
C202400954N00039F02.jpg,mount,C-202400954-N00039,https://doi.org/10.71928/C-202400954-N00039
C202400954N00040F01.jpg,clothing pin,C-202400954-N00040,https://doi.org/10.71928/C-202400954-N00040
C202400954N00045F01.jpg,buckle,C-202400954-N00045,https://doi.org/10.71928/C-202400954-N00045
C202400954N00046F01.jpg,buckle,C-202400954-N00046,https://doi.org/10.71928/C-202400954-N00046
M202101534N00010F01.jpg,sickle,M-202101534-N00010,https://doi.org/10.71928/M-202101534-N00010
M202101534N00016F02.jpg,circle/ring,M-202101534-N00016,https://doi.org/10.71928/M-202101534-N00016
M202101534N00027F01.jpg,sickle,M-202101534-N00027,https://doi.org/10.71928/M-202101534-N00027
M202101534N00028F03.jpg,mount,M-202101534-N00028,https://doi.org/10.71928/M-202101534-N00028
M202101534N00030F02.jpg,sickle,M-202101534-N00030,https://doi.org/10.71928/M-202101534-N00030
M202101534N00035F01.jpg,clothing pin,M-202101534-N00035,https://doi.org/10.71928/M-202101534-N00035
M202101534N00039F01.jpg,fibula,M-202101534-N00039,https://doi.org/10.71928/M-202101534-N00039
M202101534N00041F01.jpg,fibula,M-202101534-N00041,https://doi.org/10.71928/M-202101534-N00041
M202101534N00058F04.jpg,arrow/arrowhead,M-202101534-N00058,https://doi.org/10.71928/M-202101534-N00058
M202101534N00060F01.jpg,fibula,M-202101534-N00060,https://doi.org/10.71928/M-202101534-N00060
M202101534N00062F01.jpg,circle/ring,M-202101534-N00062,https://doi.org/10.71928/M-202101534-N00062
M202101534N00065F03.jpg,circle/ring,M-202101534-N00065,https://doi.org/10.71928/M-202101534-N00065
M202101534N00069F02.jpg,fibula,M-202101534-N00069,https://doi.org/10.71928/M-202101534-N00069
M202101534N00072F03.jpg,pendant,M-202101534-N00072,https://doi.org/10.71928/M-202101534-N00072
M202101534N00073F01.jpg,pendant,M-202101534-N00073,https://doi.org/10.71928/M-202101534-N00073
M202101534N00074F01.jpg,circle/ring,M-202101534-N00074,https://doi.org/10.71928/M-202101534-N00074
M202101534N00081F01.jpg,clothing pin,M-202101534-N00081,https://doi.org/10.71928/M-202101534-N00081
M202101534N00083F01.jpg,bracelet,M-202101534-N00083,https://doi.org/10.71928/M-202101534-N00083
M202101534N00088F02.jpg,bracelet,M-202101534-N00088,https://doi.org/10.71928/M-202101534-N00088
M202101534N00092F01.jpg,circle/ring,M-202101534-N00092,https://doi.org/10.71928/M-202101534-N00092
M202101534N00093F02.jpg,pendant,M-202101534-N00093,https://doi.org/10.71928/M-202101534-N00093
M202101534N00094F02.jpg,pendant,M-202101534-N00094,https://doi.org/10.71928/M-202101534-N00094
M202101534N00095F01.jpg,pendant,M-202101534-N00095,https://doi.org/10.71928/M-202101534-N00095
M202101534N00098F01.jpg,buckle,M-202101534-N00098,https://doi.org/10.71928/M-202101534-N00098
M202101534N00098F02.jpg,buckle,M-202101534-N00098,https://doi.org/10.71928/M-202101534-N00098
M202101534N00113F01.jpg,bracelet,M-202101534-N00113,https://doi.org/10.71928/M-202101534-N00113
M202101534N00118F01.jpg,sickle,M-202101534-N00118,https://doi.org/10.71928/M-202101534-N00118
M202101534N00124F01.jpg,bracelet,M-202101534-N00124,https://doi.org/10.71928/M-202101534-N00124
M202101534N00125F01.jpg,pendant,M-202101534-N00125,https://doi.org/10.71928/M-202101534-N00125
M202101534N00131F01.jpg,mount,M-202101534-N00131,https://doi.org/10.71928/M-202101534-N00131
M202101534N00132F01.jpg,circle/ring,M-202101534-N00132,https://doi.org/10.71928/M-202101534-N00132
M202101534N00134F01.jpg,fibula,M-202101534-N00134,https://doi.org/10.71928/M-202101534-N00134
M202101534N00135F02.jpg,fibula,M-202101534-N00135,https://doi.org/10.71928/M-202101534-N00135
M202101534N00136F01.jpg,coin,M-202101534-N00136,https://doi.org/10.71928/M-202101534-N00136
M202101534N00157F01.jpg,pendant,M-202101534-N00157,https://doi.org/10.71928/M-202101534-N00157
M202101534N00163F01.jpg,pendant,M-202101534-N00163,https://doi.org/10.71928/M-202101534-N00163
M202101534N00167F01.jpg,bracelet,M-202101534-N00167,https://doi.org/10.71928/M-202101534-N00167
M202101534N00170F01.jpg,arrow/arrowhead,M-202101534-N00170,https://doi.org/10.71928/M-202101534-N00170
M202101534N00171F01.jpg,fibula,M-202101534-N00171,https://doi.org/10.71928/M-202101534-N00171
M202101534N00180F01.jpg,pendant,M-202101534-N00180,https://doi.org/10.71928/M-202101534-N00180
M202101534N00205F01.jpg,fibula,M-202101534-N00205,https://doi.org/10.71928/M-202101534-N00205
M202101534N00224F01.jpg,sickle,M-202101534-N00224,https://doi.org/10.71928/M-202101534-N00224
M202101534N00239F01.jpg,coin,M-202101534-N00239,https://doi.org/10.71928/M-202101534-N00239
M202101534N00242F01.jpg,coin,M-202101534-N00242,https://doi.org/10.71928/M-202101534-N00242
M202101534N00245F02.jpg,coin,M-202101534-N00245,https://doi.org/10.71928/M-202101534-N00245
M202101534N00249F01.jpg,pendant,M-202101534-N00249,https://doi.org/10.71928/M-202101534-N00249
M202101534N00253F01.jpg,coin,M-202101534-N00253,https://doi.org/10.71928/M-202101534-N00253
M202101534N00261F01.jpg,pendant,M-202101534-N00261,https://doi.org/10.71928/M-202101534-N00261
M202101534N00265F02.jpg,sickle,M-202101534-N00265,https://doi.org/10.71928/M-202101534-N00265
M202101534N00271F01.jpg,buckle,M-202101534-N00271,https://doi.org/10.71928/M-202101534-N00271
M202101534N00279F02.jpg,mount,M-202101534-N00279,https://doi.org/10.71928/M-202101534-N00279
M202101534N00284F01.jpg,sickle,M-202101534-N00284,https://doi.org/10.71928/M-202101534-N00284
M202101534N00285F02.jpg,fibula,M-202101534-N00285,https://doi.org/10.71928/M-202101534-N00285
M202101534N00286F02.jpg,sickle,M-202101534-N00286,https://doi.org/10.71928/M-202101534-N00286
M202101534N00299F02.jpg,mount,M-202101534-N00299,https://doi.org/10.71928/M-202101534-N00299
M202101534N00326F02.jpg,fibula,M-202101534-N00326,https://doi.org/10.71928/M-202101534-N00326
M202101534N00327F01.jpg,fibula,M-202101534-N00327,https://doi.org/10.71928/M-202101534-N00327
M202101534N00328F01.jpg,fibula,M-202101534-N00328,https://doi.org/10.71928/M-202101534-N00328
M202101534N00329F02.jpg,fibula,M-202101534-N00329,https://doi.org/10.71928/M-202101534-N00329
M202101534N00338F01.jpg,fibula,M-202101534-N00338,https://doi.org/10.71928/M-202101534-N00338
M202101534N00339F01.jpg,fibula,M-202101534-N00339,https://doi.org/10.71928/M-202101534-N00339
M202101534N00343F01.jpg,buckle,M-202101534-N00343,https://doi.org/10.71928/M-202101534-N00343
M202101534N00344F02.jpg,arrow/arrowhead,M-202101534-N00344,https://doi.org/10.71928/M-202101534-N00344
M202101534N00352F01.jpg,coin,M-202101534-N00352,https://doi.org/10.71928/M-202101534-N00352
M202101534N00354F02.jpg,coin,M-202101534-N00354,https://doi.org/10.71928/M-202101534-N00354
M202101534N00356F02.jpg,coin,M-202101534-N00356,https://doi.org/10.71928/M-202101534-N00356
M202101534N00361F01.jpg,coin,M-202101534-N00361,https://doi.org/10.71928/M-202101534-N00361
M202101534N00363F01.jpg,coin,M-202101534-N00363,https://doi.org/10.71928/M-202101534-N00363
M202101534N00370F01.jpg,coin,M-202101534-N00370,https://doi.org/10.71928/M-202101534-N00370
M202101534N00375F01.jpg,pendant,M-202101534-N00375,https://doi.org/10.71928/M-202101534-N00375
M202101534N00378F02.jpg,coin,M-202101534-N00378,https://doi.org/10.71928/M-202101534-N00378
M202101534N00383F02.jpg,fibula,M-202101534-N00383,https://doi.org/10.71928/M-202101534-N00383
M202101534N00388F02.jpg,pendant,M-202101534-N00388,https://doi.org/10.71928/M-202101534-N00388
M202101534N00390F02.jpg,pendant,M-202101534-N00390,https://doi.org/10.71928/M-202101534-N00390
M202101534N00391F01.jpg,buckle,M-202101534-N00391,https://doi.org/10.71928/M-202101534-N00391
M202101534N00481F01.jpg,fibula,M-202101534-N00481,https://doi.org/10.71928/M-202101534-N00481
M202101534N00491F01.jpg,fibula,M-202101534-N00491,https://doi.org/10.71928/M-202101534-N00491
M202101534N00501F01.jpg,clothing pin,M-202101534-N00501,https://doi.org/10.71928/M-202101534-N00501
M202101534N00525F01.jpg,sickle,M-202101534-N00525,https://doi.org/10.71928/M-202101534-N00525
M202101534N00526F02.jpg,fibula,M-202101534-N00526,https://doi.org/10.71928/M-202101534-N00526
M202101534N00537F01.jpg,arrow/arrowhead,M-202101534-N00537,https://doi.org/10.71928/M-202101534-N00537
M202101534N00559F02.jpg,clothing pin,M-202101534-N00559,https://doi.org/10.71928/M-202101534-N00559
M202101534N00561F02.jpg,fibula,M-202101534-N00561,https://doi.org/10.71928/M-202101534-N00561
M202101534N00573F02.jpg,fibula,M-202101534-N00573,https://doi.org/10.71928/M-202101534-N00573
M202101534N00575F01.jpg,buckle,M-202101534-N00575,https://doi.org/10.71928/M-202101534-N00575
M202101534N00591F01.jpg,arrow/arrowhead,M-202101534-N00591,https://doi.org/10.71928/M-202101534-N00591
M202101534N00602F02.jpg,fibula,M-202101534-N00602,https://doi.org/10.71928/M-202101534-N00602
M202101534N00606F02.jpg,arrow/arrowhead,M-202101534-N00606,https://doi.org/10.71928/M-202101534-N00606
M202101534N00617F01.jpg,circle/ring,M-202101534-N00617,https://doi.org/10.71928/M-202101534-N00617
M202101534N00636F01.jpg,buckle,M-202101534-N00636,https://doi.org/10.71928/M-202101534-N00636
M202101688N00003F01.jpg,buckle,M-202101688-N00003,https://doi.org/10.71928/M-202101688-N00003
M202101688N00004F01.jpg,buckle,M-202101688-N00004,https://doi.org/10.71928/M-202101688-N00004
M202101688N00007F01.jpg,buckle,M-202101688-N00007,https://doi.org/10.71928/M-202101688-N00007
M202101688N00008F01.jpg,buckle,M-202101688-N00008,https://doi.org/10.71928/M-202101688-N00008
M202101690N00001F02.jpg,coin,M-202101690-N00001,https://doi.org/10.71928/M-202101690-N00001
M202101690N00005F01.jpg,buckle,M-202101690-N00005,https://doi.org/10.71928/M-202101690-N00005
M202101690N00021F01.jpg,sickle,M-202101690-N00021,https://doi.org/10.71928/M-202101690-N00021
M202101690N00036F03.jpg,circle/ring,M-202101690-N00036,https://doi.org/10.71928/M-202101690-N00036
M202102434N00014F01.jpg,circle/ring,M-202102434-N00014,https://doi.org/10.71928/M-202102434-N00014
M202102434N00015F01.jpg,circle/ring,M-202102434-N00015,https://doi.org/10.71928/M-202102434-N00015
M202102434N00022F01.jpg,circle/ring,M-202102434-N00022,https://doi.org/10.71928/M-202102434-N00022
M202104086N00010F01.jpg,buckle,M-202104086-N00010,https://doi.org/10.71928/M-202104086-N00010
M202105244N00002F01.jpg,coin,M-202105244-N00002,https://doi.org/10.71928/M-202105244-N00002
M202105244N00005F01.jpg,arrow/arrowhead,M-202105244-N00005,https://doi.org/10.71928/M-202105244-N00005
M202105244N00022F01.jpg,circle/ring,M-202105244-N00022,https://doi.org/10.71928/M-202105244-N00022
M202105567N00002F02.jpg,arrow/arrowhead,M-202105567-N00002,https://doi.org/10.71928/M-202105567-N00002
M202105567N00003F02.jpg,arrow/arrowhead,M-202105567-N00003,https://doi.org/10.71928/M-202105567-N00003
M202105567N00004F01.jpg,sickle,M-202105567-N00004,https://doi.org/10.71928/M-202105567-N00004
M202105567N00020F01.jpg,arrow/arrowhead,M-202105567-N00020,https://doi.org/10.71928/M-202105567-N00020
M202105567N00021F01.jpg,pendant,M-202105567-N00021,https://doi.org/10.71928/M-202105567-N00021
M202105567N00026F01.jpg,sickle,M-202105567-N00026,https://doi.org/10.71928/M-202105567-N00026
M202105907N00005F02.jpg,pendant,M-202105907-N00005,https://doi.org/10.71928/M-202105907-N00005
M202105907N00016F04.jpg,fibula,M-202105907-N00016,https://doi.org/10.71928/M-202105907-N00016
M202105907N00029F01.jpg,pendant,M-202105907-N00029,https://doi.org/10.71928/M-202105907-N00029
M202105907N00052F02.jpg,fibula,M-202105907-N00052,https://doi.org/10.71928/M-202105907-N00052
M202105907N00139F02.jpg,bracelet,M-202105907-N00139,https://doi.org/10.71928/M-202105907-N00139
M202105907N00140F01.jpg,coin,M-202105907-N00140,https://doi.org/10.71928/M-202105907-N00140
M202105907N00148F01.jpg,coin,M-202105907-N00148,https://doi.org/10.71928/M-202105907-N00148
M202105907N00152F01.jpg,coin,M-202105907-N00152,https://doi.org/10.71928/M-202105907-N00152
M202105907N00154F01.jpg,coin,M-202105907-N00154,https://doi.org/10.71928/M-202105907-N00154
M202105907N00155F02.jpg,coin,M-202105907-N00155,https://doi.org/10.71928/M-202105907-N00155
M202105907N00159F01.jpg,coin,M-202105907-N00159,https://doi.org/10.71928/M-202105907-N00159
M202105907N00167F01.jpg,clothing pin,M-202105907-N00167,https://doi.org/10.71928/M-202105907-N00167
M202105907N00169F01.jpg,buckle,M-202105907-N00169,https://doi.org/10.71928/M-202105907-N00169
M202105907N00170F02.jpg,mount,M-202105907-N00170,https://doi.org/10.71928/M-202105907-N00170
M202105907N00172F02.jpg,buckle,M-202105907-N00172,https://doi.org/10.71928/M-202105907-N00172
M202105907N00174F01.jpg,pendant,M-202105907-N00174,https://doi.org/10.71928/M-202105907-N00174
M202105907N00176F02.jpg,fibula,M-202105907-N00176,https://doi.org/10.71928/M-202105907-N00176
M202105907N00179F01.jpg,pendant,M-202105907-N00179,https://doi.org/10.71928/M-202105907-N00179
M202105907N00201F01.jpg,circle/ring,M-202105907-N00201,https://doi.org/10.71928/M-202105907-N00201
M202105907N00204F02.jpg,fibula,M-202105907-N00204,https://doi.org/10.71928/M-202105907-N00204
M202105907N00206F02.jpg,fibula,M-202105907-N00206,https://doi.org/10.71928/M-202105907-N00206
M202105907N00212F01.jpg,fibula,M-202105907-N00212,https://doi.org/10.71928/M-202105907-N00212
M202105907N00215F02.jpg,fibula,M-202105907-N00215,https://doi.org/10.71928/M-202105907-N00215
M202105907N00219F02.jpg,fibula,M-202105907-N00219,https://doi.org/10.71928/M-202105907-N00219
M202105907N00232F02.jpg,circle/ring,M-202105907-N00232,https://doi.org/10.71928/M-202105907-N00232
M202105907N00236F02.jpg,pendant,M-202105907-N00236,https://doi.org/10.71928/M-202105907-N00236
M202105907N00242F01.jpg,clothing pin,M-202105907-N00242,https://doi.org/10.71928/M-202105907-N00242
M202105907N00245F02.jpg,coin,M-202105907-N00245,https://doi.org/10.71928/M-202105907-N00245
M202105907N00247F01.jpg,coin,M-202105907-N00247,https://doi.org/10.71928/M-202105907-N00247
M202105907N00256F02.jpg,coin,M-202105907-N00256,https://doi.org/10.71928/M-202105907-N00256
M202105907N00257F02.jpg,coin,M-202105907-N00257,https://doi.org/10.71928/M-202105907-N00257
M202105907N00264F02.jpg,coin,M-202105907-N00264,https://doi.org/10.71928/M-202105907-N00264
M202105907N00268F01.jpg,coin,M-202105907-N00268,https://doi.org/10.71928/M-202105907-N00268
M202105907N00269F02.jpg,coin,M-202105907-N00269,https://doi.org/10.71928/M-202105907-N00269
M202105907N00276F01.jpg,pendant,M-202105907-N00276,https://doi.org/10.71928/M-202105907-N00276
M202105907N00279F01.jpg,pendant,M-202105907-N00279,https://doi.org/10.71928/M-202105907-N00279
M202105907N00281F02.jpg,coin,M-202105907-N00281,https://doi.org/10.71928/M-202105907-N00281
M202105907N00282F01.jpg,coin,M-202105907-N00282,https://doi.org/10.71928/M-202105907-N00282
M202105907N00286F01.jpg,coin,M-202105907-N00286,https://doi.org/10.71928/M-202105907-N00286
M202105907N00287F01.jpg,coin,M-202105907-N00287,https://doi.org/10.71928/M-202105907-N00287
M202105907N00288F02.jpg,pendant,M-202105907-N00288,https://doi.org/10.71928/M-202105907-N00288
M202105907N00294F01.jpg,coin,M-202105907-N00294,https://doi.org/10.71928/M-202105907-N00294
M202105907N00295F01.jpg,coin,M-202105907-N00295,https://doi.org/10.71928/M-202105907-N00295
M202105907N00297F02.jpg,coin,M-202105907-N00297,https://doi.org/10.71928/M-202105907-N00297
M202105907N00302F01.jpg,coin,M-202105907-N00302,https://doi.org/10.71928/M-202105907-N00302
M202105907N00306F01.jpg,pendant,M-202105907-N00306,https://doi.org/10.71928/M-202105907-N00306
M202105907N00307F01.jpg,coin,M-202105907-N00307,https://doi.org/10.71928/M-202105907-N00307
M202105907N00309F02.jpg,coin,M-202105907-N00309,https://doi.org/10.71928/M-202105907-N00309
M202105907N00322F01.jpg,fibula,M-202105907-N00322,https://doi.org/10.71928/M-202105907-N00322
M202105907N00323F01.jpg,pendant,M-202105907-N00323,https://doi.org/10.71928/M-202105907-N00323
M202105907N00331F02.jpg,coin,M-202105907-N00331,https://doi.org/10.71928/M-202105907-N00331
M202105907N00378F01.jpg,arrow/arrowhead,M-202105907-N00378,https://doi.org/10.71928/M-202105907-N00378
M202105907N00391F01.jpg,bracelet,M-202105907-N00391,https://doi.org/10.71928/M-202105907-N00391
M202105907N00452F02.jpg,clothing pin,M-202105907-N00452,https://doi.org/10.71928/M-202105907-N00452
M202200126N00002F01.jpg,buckle,M-202200126-N00002,https://doi.org/10.71928/M-202200126-N00002
M202200126N00003F01.jpg,coin,M-202200126-N00003,https://doi.org/10.71928/M-202200126-N00003
M202200126N00012F01.jpg,circle/ring,M-202200126-N00012,https://doi.org/10.71928/M-202200126-N00012
M202205107N00001F01.jpg,pendant,M-202205107-N00001,https://doi.org/10.71928/M-202205107-N00001
M202205107N00003F01.jpg,clothing pin,M-202205107-N00003,https://doi.org/10.71928/M-202205107-N00003
M202205107N00009F01.jpg,bracelet,M-202205107-N00009,https://doi.org/10.71928/M-202205107-N00009
M202205107N00012F01.jpg,fibula,M-202205107-N00012,https://doi.org/10.71928/M-202205107-N00012
M202205107N00036F01.jpg,mount,M-202205107-N00036,https://doi.org/10.71928/M-202205107-N00036
M202205107N00062F01.jpg,sickle,M-202205107-N00062,https://doi.org/10.71928/M-202205107-N00062
M202205107N00064F02.jpg,bracelet,M-202205107-N00064,https://doi.org/10.71928/M-202205107-N00064
M202205107N00065F01.jpg,arrow/arrowhead,M-202205107-N00065,https://doi.org/10.71928/M-202205107-N00065
M202205326N00006F01.jpg,sickle,M-202205326-N00006,https://doi.org/10.71928/M-202205326-N00006
M202205326N00007F01.jpg,bracelet,M-202205326-N00007,https://doi.org/10.71928/M-202205326-N00007
M202205326N00009F01.jpg,bracelet,M-202205326-N00009,https://doi.org/10.71928/M-202205326-N00009
M202205326N00011F01.jpg,sickle,M-202205326-N00011,https://doi.org/10.71928/M-202205326-N00011
M202205326N00012F01.jpg,bracelet,M-202205326-N00012,https://doi.org/10.71928/M-202205326-N00012
M202205326N00013F03.jpg,bracelet,M-202205326-N00013,https://doi.org/10.71928/M-202205326-N00013
M202205326N00014F01.jpg,sickle,M-202205326-N00014,https://doi.org/10.71928/M-202205326-N00014
M202205326N00021F02.jpg,coin,M-202205326-N00021,https://doi.org/10.71928/M-202205326-N00021
M202205326N00024F01.jpg,sickle,M-202205326-N00024,https://doi.org/10.71928/M-202205326-N00024
M202205326N00025F01.jpg,sickle,M-202205326-N00025,https://doi.org/10.71928/M-202205326-N00025
M202205326N00029F01.jpg,arrow/arrowhead,M-202205326-N00029,https://doi.org/10.71928/M-202205326-N00029
M202300087N00005F01.jpg,sickle,M-202300087-N00005,https://doi.org/10.71928/M-202300087-N00005
M202300087N00007F01.jpg,arrow/arrowhead,M-202300087-N00007,https://doi.org/10.71928/M-202300087-N00007
M202300087N00009F01.jpg,arrow/arrowhead,M-202300087-N00009,https://doi.org/10.71928/M-202300087-N00009
M202300087N00010F01.jpg,arrow/arrowhead,M-202300087-N00010,https://doi.org/10.71928/M-202300087-N00010
M202300087N00011F02.jpg,arrow/arrowhead,M-202300087-N00011,https://doi.org/10.71928/M-202300087-N00011
M202300087N00015F01.jpg,sickle,M-202300087-N00015,https://doi.org/10.71928/M-202300087-N00015
M202300087N00024F01.jpg,arrow/arrowhead,M-202300087-N00024,https://doi.org/10.71928/M-202300087-N00024
M202300087N00025F01.jpg,clothing pin,M-202300087-N00025,https://doi.org/10.71928/M-202300087-N00025
M202300087N00027F02.jpg,bracelet,M-202300087-N00027,https://doi.org/10.71928/M-202300087-N00027
M202300087N00028F01.jpg,mount,M-202300087-N00028,https://doi.org/10.71928/M-202300087-N00028
M202300087N00031F01.jpg,mount,M-202300087-N00031,https://doi.org/10.71928/M-202300087-N00031
M202300087N00032F01.jpg,coin,M-202300087-N00032,https://doi.org/10.71928/M-202300087-N00032
M202300087N00040F01.jpg,circle/ring,M-202300087-N00040,https://doi.org/10.71928/M-202300087-N00040
M202300087N00042F01.jpg,circle/ring,M-202300087-N00042,https://doi.org/10.71928/M-202300087-N00042
M202300087N00050F01.jpg,circle/ring,M-202300087-N00050,https://doi.org/10.71928/M-202300087-N00050
M202300087N00056F01.jpg,arrow/arrowhead,M-202300087-N00056,https://doi.org/10.71928/M-202300087-N00056
M202300087N00064F01.jpg,arrow/arrowhead,M-202300087-N00064,https://doi.org/10.71928/M-202300087-N00064
M202300087N00074F01.jpg,clothing pin,M-202300087-N00074,https://doi.org/10.71928/M-202300087-N00074
M202300087N00086F01.jpg,buckle,M-202300087-N00086,https://doi.org/10.71928/M-202300087-N00086
M202300087N00098F01.jpg,bracelet,M-202300087-N00098,https://doi.org/10.71928/M-202300087-N00098
M202300087N00108F01.jpg,sickle,M-202300087-N00108,https://doi.org/10.71928/M-202300087-N00108
M202300087N00112F01.jpg,sickle,M-202300087-N00112,https://doi.org/10.71928/M-202300087-N00112
M202300087N00130F01.jpg,arrow/arrowhead,M-202300087-N00130,https://doi.org/10.71928/M-202300087-N00130
M202300087N00136F02.jpg,sickle,M-202300087-N00136,https://doi.org/10.71928/M-202300087-N00136
M202300087N00137F02.jpg,clothing pin,M-202300087-N00137,https://doi.org/10.71928/M-202300087-N00137
M202300087N00138F01.jpg,clothing pin,M-202300087-N00138,https://doi.org/10.71928/M-202300087-N00138
M202300087N00140F01.jpg,clothing pin,M-202300087-N00140,https://doi.org/10.71928/M-202300087-N00140
M202300087N00141F01.jpg,clothing pin,M-202300087-N00141,https://doi.org/10.71928/M-202300087-N00141
M202300087N00143F01.jpg,clothing pin,M-202300087-N00143,https://doi.org/10.71928/M-202300087-N00143
M202300087N00145F01.jpg,clothing pin,M-202300087-N00145,https://doi.org/10.71928/M-202300087-N00145
M202300087N00149F01.jpg,clothing pin,M-202300087-N00149,https://doi.org/10.71928/M-202300087-N00149
M202300087N00150F01.jpg,clothing pin,M-202300087-N00150,https://doi.org/10.71928/M-202300087-N00150
M202300087N00156F01.jpg,sickle,M-202300087-N00156,https://doi.org/10.71928/M-202300087-N00156
M202300087N00160F01.jpg,bracelet,M-202300087-N00160,https://doi.org/10.71928/M-202300087-N00160
M202300087N00164F01.jpg,circle/ring,M-202300087-N00164,https://doi.org/10.71928/M-202300087-N00164
M202300087N00165F01.jpg,arrow/arrowhead,M-202300087-N00165,https://doi.org/10.71928/M-202300087-N00165
M202300087N00167F01.jpg,arrow/arrowhead,M-202300087-N00167,https://doi.org/10.71928/M-202300087-N00167
M202300087N00168F01.jpg,arrow/arrowhead,M-202300087-N00168,https://doi.org/10.71928/M-202300087-N00168
M202300087N00177F01.jpg,circle/ring,M-202300087-N00177,https://doi.org/10.71928/M-202300087-N00177
M202300087N00178F01.jpg,sickle,M-202300087-N00178,https://doi.org/10.71928/M-202300087-N00178
M202300087N00179F01.jpg,sickle,M-202300087-N00179,https://doi.org/10.71928/M-202300087-N00179
M202300087N00181F01.jpg,pendant,M-202300087-N00181,https://doi.org/10.71928/M-202300087-N00181
M202300087N00187F01.jpg,pendant,M-202300087-N00187,https://doi.org/10.71928/M-202300087-N00187
M202300087N00188F01.jpg,circle/ring,M-202300087-N00188,https://doi.org/10.71928/M-202300087-N00188
M202300087N00194F01.jpg,arrow/arrowhead,M-202300087-N00194,https://doi.org/10.71928/M-202300087-N00194
M202300087N00196F01.jpg,circle/ring,M-202300087-N00196,https://doi.org/10.71928/M-202300087-N00196
M202300087N00197F01.jpg,clothing pin,M-202300087-N00197,https://doi.org/10.71928/M-202300087-N00197
M202300087N00198F01.jpg,sickle,M-202300087-N00198,https://doi.org/10.71928/M-202300087-N00198
M202300087N00200F01.jpg,clothing pin,M-202300087-N00200,https://doi.org/10.71928/M-202300087-N00200
M202300087N00205F01.jpg,sickle,M-202300087-N00205,https://doi.org/10.71928/M-202300087-N00205
M202300087N00208F01.jpg,clothing pin,M-202300087-N00208,https://doi.org/10.71928/M-202300087-N00208
M202300087N00210F01.jpg,arrow/arrowhead,M-202300087-N00210,https://doi.org/10.71928/M-202300087-N00210
M202300087N00211F01.jpg,arrow/arrowhead,M-202300087-N00211,https://doi.org/10.71928/M-202300087-N00211
M202300087N00230F01.jpg,sickle,M-202300087-N00230,https://doi.org/10.71928/M-202300087-N00230
M202300087N00234F01.jpg,clothing pin,M-202300087-N00234,https://doi.org/10.71928/M-202300087-N00234
M202300087N00236F01.jpg,bracelet,M-202300087-N00236,https://doi.org/10.71928/M-202300087-N00236
M202300087N00238F01.jpg,clothing pin,M-202300087-N00238,https://doi.org/10.71928/M-202300087-N00238
M202300087N00239F01.jpg,clothing pin,M-202300087-N00239,https://doi.org/10.71928/M-202300087-N00239
M202300087N00240F01.jpg,clothing pin,M-202300087-N00240,https://doi.org/10.71928/M-202300087-N00240
M202300087N00241F01.jpg,clothing pin,M-202300087-N00241,https://doi.org/10.71928/M-202300087-N00241
M202300087N00245F01.jpg,arrow/arrowhead,M-202300087-N00245,https://doi.org/10.71928/M-202300087-N00245
M202300087N00253F01.jpg,sickle,M-202300087-N00253,https://doi.org/10.71928/M-202300087-N00253
M202300087N00260F01.jpg,circle/ring,M-202300087-N00260,https://doi.org/10.71928/M-202300087-N00260
M202300087N00269F01.jpg,mount,M-202300087-N00269,https://doi.org/10.71928/M-202300087-N00269
M202300087N00273F01.jpg,bracelet,M-202300087-N00273,https://doi.org/10.71928/M-202300087-N00273
M202300087N00274F01.jpg,sickle,M-202300087-N00274,https://doi.org/10.71928/M-202300087-N00274
M202300087N00278F01.jpg,bracelet,M-202300087-N00278,https://doi.org/10.71928/M-202300087-N00278
M202300087N00279F01.jpg,arrow/arrowhead,M-202300087-N00279,https://doi.org/10.71928/M-202300087-N00279
M202300087N00280F02.jpg,arrow/arrowhead,M-202300087-N00280,https://doi.org/10.71928/M-202300087-N00280
M202300087N00286F02.jpg,arrow/arrowhead,M-202300087-N00286,https://doi.org/10.71928/M-202300087-N00286
M202300087N00294F01.jpg,sickle,M-202300087-N00294,https://doi.org/10.71928/M-202300087-N00294
M202300087N00297F01.jpg,clothing pin,M-202300087-N00297,https://doi.org/10.71928/M-202300087-N00297
M202300087N00309F01.jpg,clothing pin,M-202300087-N00309,https://doi.org/10.71928/M-202300087-N00309
M202300087N00314F02.jpg,pendant,M-202300087-N00314,https://doi.org/10.71928/M-202300087-N00314
M202300087N00318F01.jpg,buckle,M-202300087-N00318,https://doi.org/10.71928/M-202300087-N00318
M202300087N00327F01.jpg,sickle,M-202300087-N00327,https://doi.org/10.71928/M-202300087-N00327
M202300087N00335F01.jpg,circle/ring,M-202300087-N00335,https://doi.org/10.71928/M-202300087-N00335
M202300087N00339F01.jpg,arrow/arrowhead,M-202300087-N00339,https://doi.org/10.71928/M-202300087-N00339
M202300087N00344F02.jpg,mount,M-202300087-N00344,https://doi.org/10.71928/M-202300087-N00344
M202300087N00348F01.jpg,clothing pin,M-202300087-N00348,https://doi.org/10.71928/M-202300087-N00348
M202300087N00352F02.jpg,clothing pin,M-202300087-N00352,https://doi.org/10.71928/M-202300087-N00352
M202300087N00353F01.jpg,clothing pin,M-202300087-N00353,https://doi.org/10.71928/M-202300087-N00353
M202300087N00363F01.jpg,bracelet,M-202300087-N00363,https://doi.org/10.71928/M-202300087-N00363
M202300087N00364F01.jpg,fibula,M-202300087-N00364,https://doi.org/10.71928/M-202300087-N00364
M202300087N00367F01.jpg,coin,M-202300087-N00367,https://doi.org/10.71928/M-202300087-N00367
M202300087N00375F01.jpg,clothing pin,M-202300087-N00375,https://doi.org/10.71928/M-202300087-N00375
M202300087N00378F01.jpg,sickle,M-202300087-N00378,https://doi.org/10.71928/M-202300087-N00378
M202300087N00380F01.jpg,sickle,M-202300087-N00380,https://doi.org/10.71928/M-202300087-N00380
M202300087N00386F01.jpg,arrow/arrowhead,M-202300087-N00386,https://doi.org/10.71928/M-202300087-N00386
M202300087N00389F01.jpg,sickle,M-202300087-N00389,https://doi.org/10.71928/M-202300087-N00389
M202300087N00396F01.jpg,sickle,M-202300087-N00396,https://doi.org/10.71928/M-202300087-N00396
M202300087N00405F01.jpg,sickle,M-202300087-N00405,https://doi.org/10.71928/M-202300087-N00405
M202300087N00406F01.jpg,sickle,M-202300087-N00406,https://doi.org/10.71928/M-202300087-N00406
M202300087N00407F01.jpg,sickle,M-202300087-N00407,https://doi.org/10.71928/M-202300087-N00407
M202300087N00408F01.jpg,arrow/arrowhead,M-202300087-N00408,https://doi.org/10.71928/M-202300087-N00408
M202300087N00411F01.jpg,bracelet,M-202300087-N00411,https://doi.org/10.71928/M-202300087-N00411
M202300087N00417F01.jpg,clothing pin,M-202300087-N00417,https://doi.org/10.71928/M-202300087-N00417
M202300087N00418F01.jpg,arrow/arrowhead,M-202300087-N00418,https://doi.org/10.71928/M-202300087-N00418
M202300087N00423F01.jpg,clothing pin,M-202300087-N00423,https://doi.org/10.71928/M-202300087-N00423
M202300087N00426F01.jpg,arrow/arrowhead,M-202300087-N00426,https://doi.org/10.71928/M-202300087-N00426
M202300087N00427F01.jpg,bracelet,M-202300087-N00427,https://doi.org/10.71928/M-202300087-N00427
M202300087N00430F01.jpg,sickle,M-202300087-N00430,https://doi.org/10.71928/M-202300087-N00430
M202300087N00433F01.jpg,arrow/arrowhead,M-202300087-N00433,https://doi.org/10.71928/M-202300087-N00433
M202300087N00435F01.jpg,clothing pin,M-202300087-N00435,https://doi.org/10.71928/M-202300087-N00435
M202300087N00436F01.jpg,arrow/arrowhead,M-202300087-N00436,https://doi.org/10.71928/M-202300087-N00436
M202300087N00437F01.jpg,arrow/arrowhead,M-202300087-N00437,https://doi.org/10.71928/M-202300087-N00437
M202300087N00439F01.jpg,bracelet,M-202300087-N00439,https://doi.org/10.71928/M-202300087-N00439
M202300087N00441F01.jpg,arrow/arrowhead,M-202300087-N00441,https://doi.org/10.71928/M-202300087-N00441
M202300087N00443F01.jpg,circle/ring,M-202300087-N00443,https://doi.org/10.71928/M-202300087-N00443
M202300087N00445F01.jpg,arrow/arrowhead,M-202300087-N00445,https://doi.org/10.71928/M-202300087-N00445
M202300087N00447F01.jpg,circle/ring,M-202300087-N00447,https://doi.org/10.71928/M-202300087-N00447
M202300087N00449F01.jpg,pendant,M-202300087-N00449,https://doi.org/10.71928/M-202300087-N00449
M202300087N00450F02.jpg,clothing pin,M-202300087-N00450,https://doi.org/10.71928/M-202300087-N00450
M202300087N00451F01.jpg,circle/ring,M-202300087-N00451,https://doi.org/10.71928/M-202300087-N00451
M202300087N00453F01.jpg,sickle,M-202300087-N00453,https://doi.org/10.71928/M-202300087-N00453
M202300087N00454F01.jpg,arrow/arrowhead,M-202300087-N00454,https://doi.org/10.71928/M-202300087-N00454
M202300087N00459F01.jpg,circle/ring,M-202300087-N00459,https://doi.org/10.71928/M-202300087-N00459
M202300087N00462F01.jpg,clothing pin,M-202300087-N00462,https://doi.org/10.71928/M-202300087-N00462
M202300087N00463F01.jpg,bracelet,M-202300087-N00463,https://doi.org/10.71928/M-202300087-N00463
M202300087N00470F01.jpg,sickle,M-202300087-N00470,https://doi.org/10.71928/M-202300087-N00470
M202300087N00471F01.jpg,sickle,M-202300087-N00471,https://doi.org/10.71928/M-202300087-N00471
M202300087N00481F01.jpg,mount,M-202300087-N00481,https://doi.org/10.71928/M-202300087-N00481
M202300087N00482F01.jpg,sickle,M-202300087-N00482,https://doi.org/10.71928/M-202300087-N00482
M202300087N00489F01.jpg,bracelet,M-202300087-N00489,https://doi.org/10.71928/M-202300087-N00489
M202300087N00492F01.jpg,sickle,M-202300087-N00492,https://doi.org/10.71928/M-202300087-N00492
M202300087N00498F01.jpg,mount,M-202300087-N00498,https://doi.org/10.71928/M-202300087-N00498
M202300087N00502F01.jpg,clothing pin,M-202300087-N00502,https://doi.org/10.71928/M-202300087-N00502
M202300087N00505F01.jpg,circle/ring,M-202300087-N00505,https://doi.org/10.71928/M-202300087-N00505
M202300087N00507F01.jpg,sickle,M-202300087-N00507,https://doi.org/10.71928/M-202300087-N00507
M202300087N00512F02.jpg,bracelet,M-202300087-N00512,https://doi.org/10.71928/M-202300087-N00512
M202300122N00004F01.jpg,arrow/arrowhead,M-202300122-N00004,https://doi.org/10.71928/M-202300122-N00004
M202300122N00006F01.jpg,bracelet,M-202300122-N00006,https://doi.org/10.71928/M-202300122-N00006
M202300122N00015F01.jpg,sickle,M-202300122-N00015,https://doi.org/10.71928/M-202300122-N00015
M202300122N00016F01.jpg,sickle,M-202300122-N00016,https://doi.org/10.71928/M-202300122-N00016
M202300122N00017F01.jpg,sickle,M-202300122-N00017,https://doi.org/10.71928/M-202300122-N00017
M202300122N00018F01.jpg,sickle,M-202300122-N00018,https://doi.org/10.71928/M-202300122-N00018
M202300122N00020F01.jpg,arrow/arrowhead,M-202300122-N00020,https://doi.org/10.71928/M-202300122-N00020
M202300122N00021F01.jpg,sickle,M-202300122-N00021,https://doi.org/10.71928/M-202300122-N00021
M202300122N00024F01.jpg,bracelet,M-202300122-N00024,https://doi.org/10.71928/M-202300122-N00024
M202300122N00028F01.jpg,buckle,M-202300122-N00028,https://doi.org/10.71928/M-202300122-N00028
M202300130N00004F01.jpg,coin,M-202300130-N00004,https://doi.org/10.71928/M-202300130-N00004
M202300130N00018F01.jpg,sickle,M-202300130-N00018,https://doi.org/10.71928/M-202300130-N00018
M202300130N00024F03.jpg,sickle,M-202300130-N00024,https://doi.org/10.71928/M-202300130-N00024
M202300130N00025F01.jpg,pendant,M-202300130-N00025,https://doi.org/10.71928/M-202300130-N00025
M202300130N00032F01.jpg,fibula,M-202300130-N00032,https://doi.org/10.71928/M-202300130-N00032
M202300130N00038F02.jpg,fibula,M-202300130-N00038,https://doi.org/10.71928/M-202300130-N00038
M202300130N00042F01.jpg,fibula,M-202300130-N00042,https://doi.org/10.71928/M-202300130-N00042
M202300130N00048F01.jpg,pendant,M-202300130-N00048,https://doi.org/10.71928/M-202300130-N00048
M202300130N00049F01.jpg,bracelet,M-202300130-N00049,https://doi.org/10.71928/M-202300130-N00049
M202300130N00050F01.jpg,bracelet,M-202300130-N00050,https://doi.org/10.71928/M-202300130-N00050
M202300130N00051F01.jpg,bracelet,M-202300130-N00051,https://doi.org/10.71928/M-202300130-N00051
M202300130N00052F01.jpg,bracelet,M-202300130-N00052,https://doi.org/10.71928/M-202300130-N00052
M202300130N00053F01.jpg,bracelet,M-202300130-N00053,https://doi.org/10.71928/M-202300130-N00053
M202300130N00055F01.jpg,bracelet,M-202300130-N00055,https://doi.org/10.71928/M-202300130-N00055
M202300130N00071F02.jpg,fibula,M-202300130-N00071,https://doi.org/10.71928/M-202300130-N00071
M202300130N00095F02.jpg,mount,M-202300130-N00095,https://doi.org/10.71928/M-202300130-N00095
M202300130N00096F03.jpg,mount,M-202300130-N00096,https://doi.org/10.71928/M-202300130-N00096
M202300130N00097F02.jpg,mount,M-202300130-N00097,https://doi.org/10.71928/M-202300130-N00097
M202300130N00099F02.jpg,mount,M-202300130-N00099,https://doi.org/10.71928/M-202300130-N00099
M202300130N00100F02.jpg,mount,M-202300130-N00100,https://doi.org/10.71928/M-202300130-N00100
M202300130N00104F01.jpg,mount,M-202300130-N00104,https://doi.org/10.71928/M-202300130-N00104
M202300130N00105F01.jpg,mount,M-202300130-N00105,https://doi.org/10.71928/M-202300130-N00105
M202300130N00106F01.jpg,fibula,M-202300130-N00106,https://doi.org/10.71928/M-202300130-N00106
M202300130N00107F01.jpg,mount,M-202300130-N00107,https://doi.org/10.71928/M-202300130-N00107
M202300130N00111F02.jpg,fibula,M-202300130-N00111,https://doi.org/10.71928/M-202300130-N00111
M202300130N00125F02.jpg,coin,M-202300130-N00125,https://doi.org/10.71928/M-202300130-N00125
M202300130N00127F02.jpg,coin,M-202300130-N00127,https://doi.org/10.71928/M-202300130-N00127
M202300130N00132F01.jpg,mount,M-202300130-N00132,https://doi.org/10.71928/M-202300130-N00132
M202300130N00133F01.jpg,mount,M-202300130-N00133,https://doi.org/10.71928/M-202300130-N00133
M202300130N00134F01.jpg,mount,M-202300130-N00134,https://doi.org/10.71928/M-202300130-N00134
M202300130N00135F02.jpg,mount,M-202300130-N00135,https://doi.org/10.71928/M-202300130-N00135
M202300130N00138F02.jpg,mount,M-202300130-N00138,https://doi.org/10.71928/M-202300130-N00138
M202300130N00139F02.jpg,mount,M-202300130-N00139,https://doi.org/10.71928/M-202300130-N00139
M202300130N00141F01.jpg,mount,M-202300130-N00141,https://doi.org/10.71928/M-202300130-N00141
M202300130N00142F01.jpg,buckle,M-202300130-N00142,https://doi.org/10.71928/M-202300130-N00142
M202300130N00143F01.jpg,buckle,M-202300130-N00143,https://doi.org/10.71928/M-202300130-N00143
M202300130N00144F01.jpg,buckle,M-202300130-N00144,https://doi.org/10.71928/M-202300130-N00144
M202300130N00145F01.jpg,buckle,M-202300130-N00145,https://doi.org/10.71928/M-202300130-N00145
M202300130N00150F01.jpg,pendant,M-202300130-N00150,https://doi.org/10.71928/M-202300130-N00150
M202300130N00165F02.jpg,buckle,M-202300130-N00165,https://doi.org/10.71928/M-202300130-N00165
M202300130N00166F02.jpg,coin,M-202300130-N00166,https://doi.org/10.71928/M-202300130-N00166
M202300130N00169F02.jpg,coin,M-202300130-N00169,https://doi.org/10.71928/M-202300130-N00169
M202300130N00176F02.jpg,pendant,M-202300130-N00176,https://doi.org/10.71928/M-202300130-N00176
M202300130N00200F01.jpg,pendant,M-202300130-N00200,https://doi.org/10.71928/M-202300130-N00200
M202300130N00202F01.jpg,coin,M-202300130-N00202,https://doi.org/10.71928/M-202300130-N00202
M202300130N00212F01.jpg,coin,M-202300130-N00212,https://doi.org/10.71928/M-202300130-N00212
M202300130N00218F02.jpg,coin,M-202300130-N00218,https://doi.org/10.71928/M-202300130-N00218
M202300130N00227F01.jpg,buckle,M-202300130-N00227,https://doi.org/10.71928/M-202300130-N00227
M202300130N00251F01.jpg,fibula,M-202300130-N00251,https://doi.org/10.71928/M-202300130-N00251
M202300130N00258F02.jpg,fibula,M-202300130-N00258,https://doi.org/10.71928/M-202300130-N00258
M202300130N00275F01.jpg,bracelet,M-202300130-N00275,https://doi.org/10.71928/M-202300130-N00275
M202300130N00279F01.jpg,mount,M-202300130-N00279,https://doi.org/10.71928/M-202300130-N00279
M202300130N00285F01.jpg,coin,M-202300130-N00285,https://doi.org/10.71928/M-202300130-N00285
M202300130N00294F01.jpg,mount,M-202300130-N00294,https://doi.org/10.71928/M-202300130-N00294
M202300130N00302F01.jpg,buckle,M-202300130-N00302,https://doi.org/10.71928/M-202300130-N00302
M202300130N00320F01.jpg,clothing pin,M-202300130-N00320,https://doi.org/10.71928/M-202300130-N00320
M202300130N00324F02.jpg,buckle,M-202300130-N00324,https://doi.org/10.71928/M-202300130-N00324
M202300130N00333F01.jpg,fibula,M-202300130-N00333,https://doi.org/10.71928/M-202300130-N00333
M202300130N00337F02.jpg,circle/ring,M-202300130-N00337,https://doi.org/10.71928/M-202300130-N00337
M202300130N00387F01.jpg,clothing pin,M-202300130-N00387,https://doi.org/10.71928/M-202300130-N00387
M202300130N00388F02.jpg,fibula,M-202300130-N00388,https://doi.org/10.71928/M-202300130-N00388
M202300130N00391F01.jpg,mount,M-202300130-N00391,https://doi.org/10.71928/M-202300130-N00391
M202300130N00402F02.jpg,coin,M-202300130-N00402,https://doi.org/10.71928/M-202300130-N00402
M202300130N00411F02.jpg,circle/ring,M-202300130-N00411,https://doi.org/10.71928/M-202300130-N00411
M202300130N00423F02.jpg,pendant,M-202300130-N00423,https://doi.org/10.71928/M-202300130-N00423
M202300130N00461F01.jpg,fibula,M-202300130-N00461,https://doi.org/10.71928/M-202300130-N00461
M202300130N00465F01.jpg,fibula,M-202300130-N00465,https://doi.org/10.71928/M-202300130-N00465
M202300130N00468F01.jpg,fibula,M-202300130-N00468,https://doi.org/10.71928/M-202300130-N00468
M202300130N00476F02.jpg,fibula,M-202300130-N00476,https://doi.org/10.71928/M-202300130-N00476
M202300130N00477F01.jpg,fibula,M-202300130-N00477,https://doi.org/10.71928/M-202300130-N00477
M202300130N00488F01.jpg,fibula,M-202300130-N00488,https://doi.org/10.71928/M-202300130-N00488
M202300130N00497F01.jpg,fibula,M-202300130-N00497,https://doi.org/10.71928/M-202300130-N00497
M202300130N00500F01.jpg,fibula,M-202300130-N00500,https://doi.org/10.71928/M-202300130-N00500
M202300130N00503F01.jpg,fibula,M-202300130-N00503,https://doi.org/10.71928/M-202300130-N00503
M202300130N00535F02.jpg,coin,M-202300130-N00535,https://doi.org/10.71928/M-202300130-N00535
M202300130N00610F01.jpg,clothing pin,M-202300130-N00610,https://doi.org/10.71928/M-202300130-N00610
M202300130N00628F01.jpg,fibula,M-202300130-N00628,https://doi.org/10.71928/M-202300130-N00628
M202300130N00637F01.jpg,buckle,M-202300130-N00637,https://doi.org/10.71928/M-202300130-N00637
M202300130N00650F01.jpg,buckle,M-202300130-N00650,https://doi.org/10.71928/M-202300130-N00650
M202300130N00656F02.jpg,buckle,M-202300130-N00656,https://doi.org/10.71928/M-202300130-N00656
M202300130N00657F01.jpg,buckle,M-202300130-N00657,https://doi.org/10.71928/M-202300130-N00657
M202300130N00658F02.jpg,mount,M-202300130-N00658,https://doi.org/10.71928/M-202300130-N00658
M202300130N00689F01.jpg,buckle,M-202300130-N00689,https://doi.org/10.71928/M-202300130-N00689
M202300130N00693F02.jpg,fibula,M-202300130-N00693,https://doi.org/10.71928/M-202300130-N00693
M202300130N00694F02.jpg,fibula,M-202300130-N00694,https://doi.org/10.71928/M-202300130-N00694
M202300130N00695F01.jpg,fibula,M-202300130-N00695,https://doi.org/10.71928/M-202300130-N00695
M202300130N00700F01.jpg,fibula,M-202300130-N00700,https://doi.org/10.71928/M-202300130-N00700
M202300130N00702F01.jpg,clothing pin,M-202300130-N00702,https://doi.org/10.71928/M-202300130-N00702
M202300130N00703F01.jpg,sickle,M-202300130-N00703,https://doi.org/10.71928/M-202300130-N00703
M202300130N00704F01.jpg,sickle,M-202300130-N00704,https://doi.org/10.71928/M-202300130-N00704
M202300130N00706F01.jpg,clothing pin,M-202300130-N00706,https://doi.org/10.71928/M-202300130-N00706
M202300130N00709F01.jpg,mount,M-202300130-N00709,https://doi.org/10.71928/M-202300130-N00709
M202300130N00710F01.jpg,arrow/arrowhead,M-202300130-N00710,https://doi.org/10.71928/M-202300130-N00710
M202300130N00711F01.jpg,bracelet,M-202300130-N00711,https://doi.org/10.71928/M-202300130-N00711
M202300130N00712F02.jpg,arrow/arrowhead,M-202300130-N00712,https://doi.org/10.71928/M-202300130-N00712
M202300130N00713F01.jpg,mount,M-202300130-N00713,https://doi.org/10.71928/M-202300130-N00713
M202300130N00715F01.jpg,sickle,M-202300130-N00715,https://doi.org/10.71928/M-202300130-N00715
M202300130N00717F01.jpg,sickle,M-202300130-N00717,https://doi.org/10.71928/M-202300130-N00717
M202300130N00719F01.jpg,clothing pin,M-202300130-N00719,https://doi.org/10.71928/M-202300130-N00719
M202300130N00720F02.jpg,clothing pin,M-202300130-N00720,https://doi.org/10.71928/M-202300130-N00720
M202300130N00726F02.jpg,fibula,M-202300130-N00726,https://doi.org/10.71928/M-202300130-N00726
M202300130N00729F01.jpg,circle/ring,M-202300130-N00729,https://doi.org/10.71928/M-202300130-N00729
M202300130N00740F01.jpg,clothing pin,M-202300130-N00740,https://doi.org/10.71928/M-202300130-N00740
M202300130N00742F01.jpg,buckle,M-202300130-N00742,https://doi.org/10.71928/M-202300130-N00742
M202300130N00777F01.jpg,mount,M-202300130-N00777,https://doi.org/10.71928/M-202300130-N00777
M202300130N00798F01.jpg,bracelet,M-202300130-N00798,https://doi.org/10.71928/M-202300130-N00798
M202300130N00800F01.jpg,buckle,M-202300130-N00800,https://doi.org/10.71928/M-202300130-N00800
M202300130N00801F01.jpg,bracelet,M-202300130-N00801,https://doi.org/10.71928/M-202300130-N00801
M202300130N00806F01.jpg,circle/ring,M-202300130-N00806,https://doi.org/10.71928/M-202300130-N00806
M202300130N00813F01.jpg,pendant,M-202300130-N00813,https://doi.org/10.71928/M-202300130-N00813
M202300130N00819F02.jpg,bracelet,M-202300130-N00819,https://doi.org/10.71928/M-202300130-N00819
M202300130N00838F02.jpg,fibula,M-202300130-N00838,https://doi.org/10.71928/M-202300130-N00838
M202300130N00841F01.jpg,buckle,M-202300130-N00841,https://doi.org/10.71928/M-202300130-N00841
M202300130N00845F01.jpg,clothing pin,M-202300130-N00845,https://doi.org/10.71928/M-202300130-N00845
M202300130N00857F02.jpg,buckle,M-202300130-N00857,https://doi.org/10.71928/M-202300130-N00857
M202300130N00875F01.jpg,fibula,M-202300130-N00875,https://doi.org/10.71928/M-202300130-N00875
M202300130N00878F02.jpg,pendant,M-202300130-N00878,https://doi.org/10.71928/M-202300130-N00878
M202300130N00879F02.jpg,pendant,M-202300130-N00879,https://doi.org/10.71928/M-202300130-N00879
M202300130N00881F02.jpg,bracelet,M-202300130-N00881,https://doi.org/10.71928/M-202300130-N00881
M202300130N00901F01.jpg,pendant,M-202300130-N00901,https://doi.org/10.71928/M-202300130-N00901
M202300130N00903F01.jpg,pendant,M-202300130-N00903,https://doi.org/10.71928/M-202300130-N00903
M202300130N00905F02.jpg,bracelet,M-202300130-N00905,https://doi.org/10.71928/M-202300130-N00905
M202300130N00907F02.jpg,bracelet,M-202300130-N00907,https://doi.org/10.71928/M-202300130-N00907
M202300130N00908F01.jpg,buckle,M-202300130-N00908,https://doi.org/10.71928/M-202300130-N00908
M202300130N00913F01.jpg,mount,M-202300130-N00913,https://doi.org/10.71928/M-202300130-N00913
M202300130N00918F02.jpg,buckle,M-202300130-N00918,https://doi.org/10.71928/M-202300130-N00918
M202300130N00919F01.jpg,buckle,M-202300130-N00919,https://doi.org/10.71928/M-202300130-N00919
M202300130N00919F02.jpg,buckle,M-202300130-N00919,https://doi.org/10.71928/M-202300130-N00919
M202300130N00925F01.jpg,buckle,M-202300130-N00925,https://doi.org/10.71928/M-202300130-N00925
M202300130N00929F01.jpg,buckle,M-202300130-N00929,https://doi.org/10.71928/M-202300130-N00929
M202300130N00929F02.jpg,buckle,M-202300130-N00929,https://doi.org/10.71928/M-202300130-N00929
M202300130N00931F01.jpg,fibula,M-202300130-N00931,https://doi.org/10.71928/M-202300130-N00931
M202300130N00932F01.jpg,circle/ring,M-202300130-N00932,https://doi.org/10.71928/M-202300130-N00932
M202300130N00936F01.jpg,fibula,M-202300130-N00936,https://doi.org/10.71928/M-202300130-N00936
M202300130N00938F01.jpg,fibula,M-202300130-N00938,https://doi.org/10.71928/M-202300130-N00938
M202300130N00954F01.jpg,mount,M-202300130-N00954,https://doi.org/10.71928/M-202300130-N00954
M202300130N00957F01.jpg,circle/ring,M-202300130-N00957,https://doi.org/10.71928/M-202300130-N00957
M202300130N00970F01.jpg,mount,M-202300130-N00970,https://doi.org/10.71928/M-202300130-N00970
M202300130N00971F01.jpg,circle/ring,M-202300130-N00971,https://doi.org/10.71928/M-202300130-N00971
M202300130N00974F01.jpg,bracelet,M-202300130-N00974,https://doi.org/10.71928/M-202300130-N00974
M202300130N00975F01.jpg,bracelet,M-202300130-N00975,https://doi.org/10.71928/M-202300130-N00975
M202300130N00977F01.jpg,buckle,M-202300130-N00977,https://doi.org/10.71928/M-202300130-N00977
M202300130N00980F01.jpg,clothing pin,M-202300130-N00980,https://doi.org/10.71928/M-202300130-N00980
M202300130N01080F02.jpg,fibula,M-202300130-N01080,https://doi.org/10.71928/M-202300130-N01080
M202300130N01118F01.jpg,pendant,M-202300130-N01118,https://doi.org/10.71928/M-202300130-N01118
M202300130N01146F01.jpg,fibula,M-202300130-N01146,https://doi.org/10.71928/M-202300130-N01146
M202300130N01171F02.jpg,fibula,M-202300130-N01171,https://doi.org/10.71928/M-202300130-N01171
M202300130N01196F01.jpg,fibula,M-202300130-N01196,https://doi.org/10.71928/M-202300130-N01196
M202300130N01228F02.jpg,coin,M-202300130-N01228,https://doi.org/10.71928/M-202300130-N01228
M202300130N01246F01.jpg,fibula,M-202300130-N01246,https://doi.org/10.71928/M-202300130-N01246
M202300130N01251F01.jpg,fibula,M-202300130-N01251,https://doi.org/10.71928/M-202300130-N01251
M202300130N01263F01.jpg,fibula,M-202300130-N01263,https://doi.org/10.71928/M-202300130-N01263
M202300130N01267F02.jpg,fibula,M-202300130-N01267,https://doi.org/10.71928/M-202300130-N01267
M202300130N01269F01.jpg,fibula,M-202300130-N01269,https://doi.org/10.71928/M-202300130-N01269
M202300130N01293F02.jpg,fibula,M-202300130-N01293,https://doi.org/10.71928/M-202300130-N01293
M202300130N01303F01.jpg,clothing pin,M-202300130-N01303,https://doi.org/10.71928/M-202300130-N01303
M202300130N01313F02.jpg,fibula,M-202300130-N01313,https://doi.org/10.71928/M-202300130-N01313
M202300130N01319F01.jpg,fibula,M-202300130-N01319,https://doi.org/10.71928/M-202300130-N01319
M202300130N01323F01.jpg,clothing pin,M-202300130-N01323,https://doi.org/10.71928/M-202300130-N01323
M202300130N01325F01.jpg,sickle,M-202300130-N01325,https://doi.org/10.71928/M-202300130-N01325
M202300130N01326F01.jpg,sickle,M-202300130-N01326,https://doi.org/10.71928/M-202300130-N01326
M202300130N01330F01.jpg,clothing pin,M-202300130-N01330,https://doi.org/10.71928/M-202300130-N01330
M202300130N01331F01.jpg,mount,M-202300130-N01331,https://doi.org/10.71928/M-202300130-N01331
M202300130N01343F01.jpg,coin,M-202300130-N01343,https://doi.org/10.71928/M-202300130-N01343
M202300130N01347F02.jpg,coin,M-202300130-N01347,https://doi.org/10.71928/M-202300130-N01347
M202300130N01360F01.jpg,coin,M-202300130-N01360,https://doi.org/10.71928/M-202300130-N01360
M202300130N01367F02.jpg,coin,M-202300130-N01367,https://doi.org/10.71928/M-202300130-N01367
M202300130N01376F04.jpg,buckle,M-202300130-N01376,https://doi.org/10.71928/M-202300130-N01376
M202300130N01376F05.jpg,buckle,M-202300130-N01376,https://doi.org/10.71928/M-202300130-N01376
M202300130N01390F01.jpg,pendant,M-202300130-N01390,https://doi.org/10.71928/M-202300130-N01390
M202300130N01391F03.jpg,coin,M-202300130-N01391,https://doi.org/10.71928/M-202300130-N01391
M202300130N01394F01.jpg,coin,M-202300130-N01394,https://doi.org/10.71928/M-202300130-N01394
M202300130N01396F02.jpg,coin,M-202300130-N01396,https://doi.org/10.71928/M-202300130-N01396
M202300130N01401F01.jpg,circle/ring,M-202300130-N01401,https://doi.org/10.71928/M-202300130-N01401
M202300130N01404F01.jpg,bracelet,M-202300130-N01404,https://doi.org/10.71928/M-202300130-N01404
M202300130N01415F02.jpg,pendant,M-202300130-N01415,https://doi.org/10.71928/M-202300130-N01415
M202300130N01419F01.jpg,coin,M-202300130-N01419,https://doi.org/10.71928/M-202300130-N01419
M202300130N01420F02.jpg,coin,M-202300130-N01420,https://doi.org/10.71928/M-202300130-N01420
M202300130N01422F01.jpg,coin,M-202300130-N01422,https://doi.org/10.71928/M-202300130-N01422
M202300130N01424F01.jpg,pendant,M-202300130-N01424,https://doi.org/10.71928/M-202300130-N01424
M202300130N01430F01.jpg,buckle,M-202300130-N01430,https://doi.org/10.71928/M-202300130-N01430
M202300130N01432F01.jpg,fibula,M-202300130-N01432,https://doi.org/10.71928/M-202300130-N01432
M202300130N01435F02.jpg,coin,M-202300130-N01435,https://doi.org/10.71928/M-202300130-N01435
M202300130N01440F02.jpg,coin,M-202300130-N01440,https://doi.org/10.71928/M-202300130-N01440
M202300130N01442F02.jpg,pendant,M-202300130-N01442,https://doi.org/10.71928/M-202300130-N01442
M202300130N01443F01.jpg,pendant,M-202300130-N01443,https://doi.org/10.71928/M-202300130-N01443
M202300130N01446F02.jpg,coin,M-202300130-N01446,https://doi.org/10.71928/M-202300130-N01446
M202300130N01447F02.jpg,pendant,M-202300130-N01447,https://doi.org/10.71928/M-202300130-N01447
M202300130N01449F02.jpg,pendant,M-202300130-N01449,https://doi.org/10.71928/M-202300130-N01449
M202300130N01451F01.jpg,pendant,M-202300130-N01451,https://doi.org/10.71928/M-202300130-N01451
M202300130N01453F02.jpg,coin,M-202300130-N01453,https://doi.org/10.71928/M-202300130-N01453
M202300130N01459F02.jpg,pendant,M-202300130-N01459,https://doi.org/10.71928/M-202300130-N01459
M202300130N01460F01.jpg,coin,M-202300130-N01460,https://doi.org/10.71928/M-202300130-N01460
M202300130N01461F02.jpg,pendant,M-202300130-N01461,https://doi.org/10.71928/M-202300130-N01461
M202300130N01465F01.jpg,pendant,M-202300130-N01465,https://doi.org/10.71928/M-202300130-N01465
M202300130N01472F01.jpg,pendant,M-202300130-N01472,https://doi.org/10.71928/M-202300130-N01472
M202300130N01477F02.jpg,coin,M-202300130-N01477,https://doi.org/10.71928/M-202300130-N01477
M202300130N01479F02.jpg,coin,M-202300130-N01479,https://doi.org/10.71928/M-202300130-N01479
M202300130N01480F01.jpg,pendant,M-202300130-N01480,https://doi.org/10.71928/M-202300130-N01480
M202300130N01503F01.jpg,buckle,M-202300130-N01503,https://doi.org/10.71928/M-202300130-N01503
M202300130N01516F02.jpg,pendant,M-202300130-N01516,https://doi.org/10.71928/M-202300130-N01516
M202300130N01522F02.jpg,coin,M-202300130-N01522,https://doi.org/10.71928/M-202300130-N01522
M202300130N01539F01.jpg,buckle,M-202300130-N01539,https://doi.org/10.71928/M-202300130-N01539
M202300130N01547F01.jpg,mount,M-202300130-N01547,https://doi.org/10.71928/M-202300130-N01547
M202300130N01571F02.jpg,fibula,M-202300130-N01571,https://doi.org/10.71928/M-202300130-N01571
M202300130N01584F02.jpg,fibula,M-202300130-N01584,https://doi.org/10.71928/M-202300130-N01584
M202300130N01621F02.jpg,bracelet,M-202300130-N01621,https://doi.org/10.71928/M-202300130-N01621
M202300130N01690F02.jpg,buckle,M-202300130-N01690,https://doi.org/10.71928/M-202300130-N01690
M202300130N01698F01.jpg,clothing pin,M-202300130-N01698,https://doi.org/10.71928/M-202300130-N01698
M202300130N01702F01.jpg,bracelet,M-202300130-N01702,https://doi.org/10.71928/M-202300130-N01702
M202300130N01707F01.jpg,buckle,M-202300130-N01707,https://doi.org/10.71928/M-202300130-N01707
M202300996N00003F01.jpg,pendant,M-202300996-N00003,https://doi.org/10.71928/M-202300996-N00003
M202300996N00021F01.jpg,arrow/arrowhead,M-202300996-N00021,https://doi.org/10.71928/M-202300996-N00021
M202300996N00022F01.jpg,bracelet,M-202300996-N00022,https://doi.org/10.71928/M-202300996-N00022
M202300996N00070F01.jpg,pendant,M-202300996-N00070,https://doi.org/10.71928/M-202300996-N00070
M202300996N00073F01.jpg,pendant,M-202300996-N00073,https://doi.org/10.71928/M-202300996-N00073
M202300996N00079F01.jpg,coin,M-202300996-N00079,https://doi.org/10.71928/M-202300996-N00079
M202300996N00080F01.jpg,bracelet,M-202300996-N00080,https://doi.org/10.71928/M-202300996-N00080
M202300996N00082F01.jpg,clothing pin,M-202300996-N00082,https://doi.org/10.71928/M-202300996-N00082
M202300996N00089F01.jpg,mount,M-202300996-N00089,https://doi.org/10.71928/M-202300996-N00089
M202300996N00096F01.jpg,bracelet,M-202300996-N00096,https://doi.org/10.71928/M-202300996-N00096
M202300996N00105F01.jpg,clothing pin,M-202300996-N00105,https://doi.org/10.71928/M-202300996-N00105
M202300996N00112F01.jpg,bracelet,M-202300996-N00112,https://doi.org/10.71928/M-202300996-N00112
M202300996N00139F01.jpg,buckle,M-202300996-N00139,https://doi.org/10.71928/M-202300996-N00139
M202300996N00142F01.jpg,mount,M-202300996-N00142,https://doi.org/10.71928/M-202300996-N00142
M202300996N00143F02.jpg,bracelet,M-202300996-N00143,https://doi.org/10.71928/M-202300996-N00143
M202300996N00145F01.jpg,sickle,M-202300996-N00145,https://doi.org/10.71928/M-202300996-N00145
M202300996N00168F01.jpg,fibula,M-202300996-N00168,https://doi.org/10.71928/M-202300996-N00168
M202300996N00191F02.jpg,mount,M-202300996-N00191,https://doi.org/10.71928/M-202300996-N00191
M202300996N00212F01.jpg,buckle,M-202300996-N00212,https://doi.org/10.71928/M-202300996-N00212
M202300996N00213F01.jpg,sickle,M-202300996-N00213,https://doi.org/10.71928/M-202300996-N00213
M202300996N00215F01.jpg,sickle,M-202300996-N00215,https://doi.org/10.71928/M-202300996-N00215
M202300996N00218F01.jpg,pendant,M-202300996-N00218,https://doi.org/10.71928/M-202300996-N00218
M202300996N00219F01.jpg,circle/ring,M-202300996-N00219,https://doi.org/10.71928/M-202300996-N00219
M202300996N00224F01.jpg,mount,M-202300996-N00224,https://doi.org/10.71928/M-202300996-N00224
M202300996N00240F01.jpg,coin,M-202300996-N00240,https://doi.org/10.71928/M-202300996-N00240
M202300996N00244F01.jpg,fibula,M-202300996-N00244,https://doi.org/10.71928/M-202300996-N00244
M202301170N00001F01.jpg,bracelet,M-202301170-N00001,https://doi.org/10.71928/M-202301170-N00001
M202301170N00006F02.jpg,circle/ring,M-202301170-N00006,https://doi.org/10.71928/M-202301170-N00006
M202301170N00021F01.jpg,arrow/arrowhead,M-202301170-N00021,https://doi.org/10.71928/M-202301170-N00021
M202301170N00022F01.jpg,clothing pin,M-202301170-N00022,https://doi.org/10.71928/M-202301170-N00022
M202301170N00024F01.jpg,fibula,M-202301170-N00024,https://doi.org/10.71928/M-202301170-N00024
M202301170N00026F01.jpg,fibula,M-202301170-N00026,https://doi.org/10.71928/M-202301170-N00026
M202301170N00027F01.jpg,clothing pin,M-202301170-N00027,https://doi.org/10.71928/M-202301170-N00027
M202301170N00044F01.jpg,arrow/arrowhead,M-202301170-N00044,https://doi.org/10.71928/M-202301170-N00044
M202301170N00051F01.jpg,clothing pin,M-202301170-N00051,https://doi.org/10.71928/M-202301170-N00051
M202301170N00056F01.jpg,clothing pin,M-202301170-N00056,https://doi.org/10.71928/M-202301170-N00056
M202301170N00068F01.jpg,circle/ring,M-202301170-N00068,https://doi.org/10.71928/M-202301170-N00068
M202301170N00069F01.jpg,circle/ring,M-202301170-N00069,https://doi.org/10.71928/M-202301170-N00069
M202301170N00070F01.jpg,arrow/arrowhead,M-202301170-N00070,https://doi.org/10.71928/M-202301170-N00070
M202301170N00074F01.jpg,sickle,M-202301170-N00074,https://doi.org/10.71928/M-202301170-N00074
M202301170N00084F01.jpg,circle/ring,M-202301170-N00084,https://doi.org/10.71928/M-202301170-N00084
M202301170N00096F02.jpg,buckle,M-202301170-N00096,https://doi.org/10.71928/M-202301170-N00096
M202301170N00100F01.jpg,arrow/arrowhead,M-202301170-N00100,https://doi.org/10.71928/M-202301170-N00100
M202301170N00112F02.jpg,clothing pin,M-202301170-N00112,https://doi.org/10.71928/M-202301170-N00112
M202301170N00117F01.jpg,arrow/arrowhead,M-202301170-N00117,https://doi.org/10.71928/M-202301170-N00117
M202301170N00118F01.jpg,clothing pin,M-202301170-N00118,https://doi.org/10.71928/M-202301170-N00118
M202301170N00125F02.jpg,fibula,M-202301170-N00125,https://doi.org/10.71928/M-202301170-N00125
M202301170N00139F01.jpg,circle/ring,M-202301170-N00139,https://doi.org/10.71928/M-202301170-N00139
M202301170N00140F01.jpg,clothing pin,M-202301170-N00140,https://doi.org/10.71928/M-202301170-N00140
M202301170N00143F01.jpg,bracelet,M-202301170-N00143,https://doi.org/10.71928/M-202301170-N00143
M202301170N00144F01.jpg,clothing pin,M-202301170-N00144,https://doi.org/10.71928/M-202301170-N00144
M202301170N00145F01.jpg,bracelet,M-202301170-N00145,https://doi.org/10.71928/M-202301170-N00145
M202301170N00149F01.jpg,circle/ring,M-202301170-N00149,https://doi.org/10.71928/M-202301170-N00149
M202301170N00151F01.jpg,clothing pin,M-202301170-N00151,https://doi.org/10.71928/M-202301170-N00151
M202301170N00157F01.jpg,bracelet,M-202301170-N00157,https://doi.org/10.71928/M-202301170-N00157
M202301170N00174F01.jpg,circle/ring,M-202301170-N00174,https://doi.org/10.71928/M-202301170-N00174
M202301170N00175F01.jpg,circle/ring,M-202301170-N00175,https://doi.org/10.71928/M-202301170-N00175
M202301170N00183F02.jpg,bracelet,M-202301170-N00183,https://doi.org/10.71928/M-202301170-N00183
M202301170N00193F03.jpg,fibula,M-202301170-N00193,https://doi.org/10.71928/M-202301170-N00193
M202301170N00195F01.jpg,clothing pin,M-202301170-N00195,https://doi.org/10.71928/M-202301170-N00195
M202301170N00199F01.jpg,arrow/arrowhead,M-202301170-N00199,https://doi.org/10.71928/M-202301170-N00199
M202301170N00208F01.jpg,pendant,M-202301170-N00208,https://doi.org/10.71928/M-202301170-N00208
M202301170N00229F01.jpg,clothing pin,M-202301170-N00229,https://doi.org/10.71928/M-202301170-N00229
M202301170N00234F02.jpg,clothing pin,M-202301170-N00234,https://doi.org/10.71928/M-202301170-N00234
M202301170N00235F01.jpg,clothing pin,M-202301170-N00235,https://doi.org/10.71928/M-202301170-N00235
M202301170N00237F01.jpg,fibula,M-202301170-N00237,https://doi.org/10.71928/M-202301170-N00237
M202301170N00239F02.jpg,fibula,M-202301170-N00239,https://doi.org/10.71928/M-202301170-N00239
M202301170N00248F01.jpg,circle/ring,M-202301170-N00248,https://doi.org/10.71928/M-202301170-N00248
M202301170N00249F01.jpg,buckle,M-202301170-N00249,https://doi.org/10.71928/M-202301170-N00249
M202301170N00250F02.jpg,buckle,M-202301170-N00250,https://doi.org/10.71928/M-202301170-N00250
M202301170N00251F01.jpg,buckle,M-202301170-N00251,https://doi.org/10.71928/M-202301170-N00251
M202301170N00252F02.jpg,buckle,M-202301170-N00252,https://doi.org/10.71928/M-202301170-N00252
M202301170N00253F01.jpg,buckle,M-202301170-N00253,https://doi.org/10.71928/M-202301170-N00253
M202301170N00254F01.jpg,buckle,M-202301170-N00254,https://doi.org/10.71928/M-202301170-N00254
M202301170N00269F01.jpg,arrow/arrowhead,M-202301170-N00269,https://doi.org/10.71928/M-202301170-N00269
M202301263N00002F01.jpg,buckle,M-202301263-N00002,https://doi.org/10.71928/M-202301263-N00002
M202301263N00007F01.jpg,arrow/arrowhead,M-202301263-N00007,https://doi.org/10.71928/M-202301263-N00007
M202301263N00013F01.jpg,buckle,M-202301263-N00013,https://doi.org/10.71928/M-202301263-N00013
M202301263N00019F01.jpg,arrow/arrowhead,M-202301263-N00019,https://doi.org/10.71928/M-202301263-N00019
M202301263N00020F01.jpg,clothing pin,M-202301263-N00020,https://doi.org/10.71928/M-202301263-N00020
M202301263N00021F01.jpg,arrow/arrowhead,M-202301263-N00021,https://doi.org/10.71928/M-202301263-N00021
M202301263N00024F01.jpg,arrow/arrowhead,M-202301263-N00024,https://doi.org/10.71928/M-202301263-N00024
M202301263N00025F01.jpg,arrow/arrowhead,M-202301263-N00025,https://doi.org/10.71928/M-202301263-N00025
M202301263N00026F01.jpg,arrow/arrowhead,M-202301263-N00026,https://doi.org/10.71928/M-202301263-N00026
M202301263N00028F01.jpg,arrow/arrowhead,M-202301263-N00028,https://doi.org/10.71928/M-202301263-N00028
M202301263N00030F01.jpg,sickle,M-202301263-N00030,https://doi.org/10.71928/M-202301263-N00030
M202301263N00033F01.jpg,buckle,M-202301263-N00033,https://doi.org/10.71928/M-202301263-N00033
M202301263N00034F01.jpg,buckle,M-202301263-N00034,https://doi.org/10.71928/M-202301263-N00034
M202301263N00035F01.jpg,buckle,M-202301263-N00035,https://doi.org/10.71928/M-202301263-N00035
M202301263N00046F01.jpg,arrow/arrowhead,M-202301263-N00046,https://doi.org/10.71928/M-202301263-N00046
M202301263N00050F01.jpg,arrow/arrowhead,M-202301263-N00050,https://doi.org/10.71928/M-202301263-N00050
M202301263N00051F01.jpg,arrow/arrowhead,M-202301263-N00051,https://doi.org/10.71928/M-202301263-N00051
M202301263N00055F01.jpg,sickle,M-202301263-N00055,https://doi.org/10.71928/M-202301263-N00055
M202301263N00061F01.jpg,buckle,M-202301263-N00061,https://doi.org/10.71928/M-202301263-N00061
M202301263N00070F01.jpg,mount,M-202301263-N00070,https://doi.org/10.71928/M-202301263-N00070
M202301263N00076F01.jpg,sickle,M-202301263-N00076,https://doi.org/10.71928/M-202301263-N00076
M202301263N00077F01.jpg,buckle,M-202301263-N00077,https://doi.org/10.71928/M-202301263-N00077
M202301263N00079F01.jpg,sickle,M-202301263-N00079,https://doi.org/10.71928/M-202301263-N00079
M202301263N00090F02.jpg,clothing pin,M-202301263-N00090,https://doi.org/10.71928/M-202301263-N00090
M202301263N00102F01.jpg,arrow/arrowhead,M-202301263-N00102,https://doi.org/10.71928/M-202301263-N00102
M202301263N00103F01.jpg,arrow/arrowhead,M-202301263-N00103,https://doi.org/10.71928/M-202301263-N00103
M202301263N00107F01.jpg,sickle,M-202301263-N00107,https://doi.org/10.71928/M-202301263-N00107
M202301371N00004F02.jpg,sickle,M-202301371-N00004,https://doi.org/10.71928/M-202301371-N00004
M202301371N00005F01.jpg,bracelet,M-202301371-N00005,https://doi.org/10.71928/M-202301371-N00005
M202301371N00006F01.jpg,fibula,M-202301371-N00006,https://doi.org/10.71928/M-202301371-N00006
M202301371N00007F01.jpg,buckle,M-202301371-N00007,https://doi.org/10.71928/M-202301371-N00007
M202301371N00009F02.jpg,clothing pin,M-202301371-N00009,https://doi.org/10.71928/M-202301371-N00009
M202301371N00015F02.jpg,fibula,M-202301371-N00015,https://doi.org/10.71928/M-202301371-N00015
M202305417N00001F01.jpg,sickle,M-202305417-N00001,https://doi.org/10.71928/M-202305417-N00001
M202305417N00003F01.jpg,coin,M-202305417-N00003,https://doi.org/10.71928/M-202305417-N00003
M202305417N00007F01.jpg,arrow/arrowhead,M-202305417-N00007,https://doi.org/10.71928/M-202305417-N00007
M202305417N00010F02.jpg,bracelet,M-202305417-N00010,https://doi.org/10.71928/M-202305417-N00010
M202305417N00020F01.jpg,clothing pin,M-202305417-N00020,https://doi.org/10.71928/M-202305417-N00020
M202305417N00022F01.jpg,circle/ring,M-202305417-N00022,https://doi.org/10.71928/M-202305417-N00022
M202305417N00023F02.jpg,bracelet,M-202305417-N00023,https://doi.org/10.71928/M-202305417-N00023
M202305417N00026F01.jpg,sickle,M-202305417-N00026,https://doi.org/10.71928/M-202305417-N00026
M202305417N00028F01.jpg,fibula,M-202305417-N00028,https://doi.org/10.71928/M-202305417-N00028
M202305417N00029F01.jpg,sickle,M-202305417-N00029,https://doi.org/10.71928/M-202305417-N00029
M202305417N00030F02.jpg,sickle,M-202305417-N00030,https://doi.org/10.71928/M-202305417-N00030
M202305417N00036F01.jpg,bracelet,M-202305417-N00036,https://doi.org/10.71928/M-202305417-N00036
M202305417N00039F02.jpg,pendant,M-202305417-N00039,https://doi.org/10.71928/M-202305417-N00039
M202305417N00043F01.jpg,arrow/arrowhead,M-202305417-N00043,https://doi.org/10.71928/M-202305417-N00043
M202305417N00044F02.jpg,arrow/arrowhead,M-202305417-N00044,https://doi.org/10.71928/M-202305417-N00044
M202305417N00049F01.jpg,clothing pin,M-202305417-N00049,https://doi.org/10.71928/M-202305417-N00049
M202305417N00053F01.jpg,clothing pin,M-202305417-N00053,https://doi.org/10.71928/M-202305417-N00053
M202305417N00055F02.jpg,arrow/arrowhead,M-202305417-N00055,https://doi.org/10.71928/M-202305417-N00055
M202305417N00056F02.jpg,arrow/arrowhead,M-202305417-N00056,https://doi.org/10.71928/M-202305417-N00056
M202305417N00057F02.jpg,arrow/arrowhead,M-202305417-N00057,https://doi.org/10.71928/M-202305417-N00057
M202305417N00058F02.jpg,arrow/arrowhead,M-202305417-N00058,https://doi.org/10.71928/M-202305417-N00058
M202305417N00059F01.jpg,arrow/arrowhead,M-202305417-N00059,https://doi.org/10.71928/M-202305417-N00059
M202305417N00060F01.jpg,arrow/arrowhead,M-202305417-N00060,https://doi.org/10.71928/M-202305417-N00060
M202305417N00061F01.jpg,fibula,M-202305417-N00061,https://doi.org/10.71928/M-202305417-N00061
M202305417N00068F02.jpg,clothing pin,M-202305417-N00068,https://doi.org/10.71928/M-202305417-N00068
M202305417N00069F01.jpg,circle/ring,M-202305417-N00069,https://doi.org/10.71928/M-202305417-N00069
M202305417N00072F02.jpg,fibula,M-202305417-N00072,https://doi.org/10.71928/M-202305417-N00072
M202305417N00073F01.jpg,pendant,M-202305417-N00073,https://doi.org/10.71928/M-202305417-N00073
M202305417N00074F02.jpg,pendant,M-202305417-N00074,https://doi.org/10.71928/M-202305417-N00074
M202305417N00080F09.jpg,circle/ring,M-202305417-N00080,https://doi.org/10.71928/M-202305417-N00080
M202305417N00081F01.jpg,bracelet,M-202305417-N00081,https://doi.org/10.71928/M-202305417-N00081
M202305417N00086F01.jpg,arrow/arrowhead,M-202305417-N00086,https://doi.org/10.71928/M-202305417-N00086
M202305417N00088F01.jpg,pendant,M-202305417-N00088,https://doi.org/10.71928/M-202305417-N00088
M202305417N00090F02.jpg,pendant,M-202305417-N00090,https://doi.org/10.71928/M-202305417-N00090
M202305417N00092F02.jpg,bracelet,M-202305417-N00092,https://doi.org/10.71928/M-202305417-N00092
M202305417N00100F02.jpg,sickle,M-202305417-N00100,https://doi.org/10.71928/M-202305417-N00100
M202305417N00103F01.jpg,arrow/arrowhead,M-202305417-N00103,https://doi.org/10.71928/M-202305417-N00103
M202305417N00104F01.jpg,arrow/arrowhead,M-202305417-N00104,https://doi.org/10.71928/M-202305417-N00104
M202305417N00109F02.jpg,pendant,M-202305417-N00109,https://doi.org/10.71928/M-202305417-N00109
M202305417N00110F01.jpg,pendant,M-202305417-N00110,https://doi.org/10.71928/M-202305417-N00110
M202305417N00120F02.jpg,pendant,M-202305417-N00120,https://doi.org/10.71928/M-202305417-N00120
M202305417N00121F01.jpg,bracelet,M-202305417-N00121,https://doi.org/10.71928/M-202305417-N00121
M202305417N00121F02.jpg,bracelet,M-202305417-N00121,https://doi.org/10.71928/M-202305417-N00121
M202305417N00122F02.jpg,circle/ring,M-202305417-N00122,https://doi.org/10.71928/M-202305417-N00122
M202305417N00124F01.jpg,bracelet,M-202305417-N00124,https://doi.org/10.71928/M-202305417-N00124
M202305417N00124F02.jpg,bracelet,M-202305417-N00124,https://doi.org/10.71928/M-202305417-N00124
M202305417N00126F01.jpg,pendant,M-202305417-N00126,https://doi.org/10.71928/M-202305417-N00126
M202305417N00129F01.jpg,bracelet,M-202305417-N00129,https://doi.org/10.71928/M-202305417-N00129
M202305417N00132F01.jpg,circle/ring,M-202305417-N00132,https://doi.org/10.71928/M-202305417-N00132
M202305417N00134F02.jpg,clothing pin,M-202305417-N00134,https://doi.org/10.71928/M-202305417-N00134
M202305417N00140F03.jpg,coin,M-202305417-N00140,https://doi.org/10.71928/M-202305417-N00140
M202305417N00142F01.jpg,arrow/arrowhead,M-202305417-N00142,https://doi.org/10.71928/M-202305417-N00142
M202305417N00143F02.jpg,arrow/arrowhead,M-202305417-N00143,https://doi.org/10.71928/M-202305417-N00143
M202305417N00144F01.jpg,arrow/arrowhead,M-202305417-N00144,https://doi.org/10.71928/M-202305417-N00144
M202305417N00145F01.jpg,bracelet,M-202305417-N00145,https://doi.org/10.71928/M-202305417-N00145
M202305417N00148F01.jpg,pendant,M-202305417-N00148,https://doi.org/10.71928/M-202305417-N00148
M202305417N00153F01.jpg,bracelet,M-202305417-N00153,https://doi.org/10.71928/M-202305417-N00153
M202305417N00160F01.jpg,circle/ring,M-202305417-N00160,https://doi.org/10.71928/M-202305417-N00160
M202305417N00163F02.jpg,sickle,M-202305417-N00163,https://doi.org/10.71928/M-202305417-N00163
M202305417N00164F01.jpg,sickle,M-202305417-N00164,https://doi.org/10.71928/M-202305417-N00164
M202305417N00165F01.jpg,clothing pin,M-202305417-N00165,https://doi.org/10.71928/M-202305417-N00165
M202305417N00166F01.jpg,bracelet,M-202305417-N00166,https://doi.org/10.71928/M-202305417-N00166
M202305417N00166F02.jpg,bracelet,M-202305417-N00166,https://doi.org/10.71928/M-202305417-N00166
M202305417N00172F01.jpg,circle/ring,M-202305417-N00172,https://doi.org/10.71928/M-202305417-N00172
M202305417N00177F01.jpg,bracelet,M-202305417-N00177,https://doi.org/10.71928/M-202305417-N00177
M202305417N00180F02.jpg,clothing pin,M-202305417-N00180,https://doi.org/10.71928/M-202305417-N00180
M202305417N00182F01.jpg,clothing pin,M-202305417-N00182,https://doi.org/10.71928/M-202305417-N00182
M202305417N00186F01.jpg,pendant,M-202305417-N00186,https://doi.org/10.71928/M-202305417-N00186
M202305417N00187F01.jpg,circle/ring,M-202305417-N00187,https://doi.org/10.71928/M-202305417-N00187
M202305417N00189F01.jpg,pendant,M-202305417-N00189,https://doi.org/10.71928/M-202305417-N00189
M202305417N00194F01.jpg,pendant,M-202305417-N00194,https://doi.org/10.71928/M-202305417-N00194
M202305417N00196F01.jpg,circle/ring,M-202305417-N00196,https://doi.org/10.71928/M-202305417-N00196
M202305417N00198F01.jpg,clothing pin,M-202305417-N00198,https://doi.org/10.71928/M-202305417-N00198
M202305417N00199F01.jpg,bracelet,M-202305417-N00199,https://doi.org/10.71928/M-202305417-N00199
M202305417N00203F01.jpg,sickle,M-202305417-N00203,https://doi.org/10.71928/M-202305417-N00203
M202305417N00204F02.jpg,sickle,M-202305417-N00204,https://doi.org/10.71928/M-202305417-N00204
M202305417N00205F02.jpg,clothing pin,M-202305417-N00205,https://doi.org/10.71928/M-202305417-N00205
M202305417N00206F01.jpg,clothing pin,M-202305417-N00206,https://doi.org/10.71928/M-202305417-N00206
M202305417N00209F02.jpg,sickle,M-202305417-N00209,https://doi.org/10.71928/M-202305417-N00209
M202305417N00210F02.jpg,arrow/arrowhead,M-202305417-N00210,https://doi.org/10.71928/M-202305417-N00210
M202305417N00216F01.jpg,bracelet,M-202305417-N00216,https://doi.org/10.71928/M-202305417-N00216
M202305417N00229F01.jpg,sickle,M-202305417-N00229,https://doi.org/10.71928/M-202305417-N00229
M202305417N00230F02.jpg,sickle,M-202305417-N00230,https://doi.org/10.71928/M-202305417-N00230
M202305417N00233F02.jpg,sickle,M-202305417-N00233,https://doi.org/10.71928/M-202305417-N00233
M202305417N00234F01.jpg,clothing pin,M-202305417-N00234,https://doi.org/10.71928/M-202305417-N00234
M202305417N00238F01.jpg,sickle,M-202305417-N00238,https://doi.org/10.71928/M-202305417-N00238
M202305417N00239F02.jpg,sickle,M-202305417-N00239,https://doi.org/10.71928/M-202305417-N00239
M202305417N00241F01.jpg,circle/ring,M-202305417-N00241,https://doi.org/10.71928/M-202305417-N00241
M202305417N00243F02.jpg,fibula,M-202305417-N00243,https://doi.org/10.71928/M-202305417-N00243
M202305417N00249F02.jpg,bracelet,M-202305417-N00249,https://doi.org/10.71928/M-202305417-N00249
M202305417N00252F01.jpg,sickle,M-202305417-N00252,https://doi.org/10.71928/M-202305417-N00252
M202305417N00253F01.jpg,sickle,M-202305417-N00253,https://doi.org/10.71928/M-202305417-N00253
M202305417N00261F01.jpg,clothing pin,M-202305417-N00261,https://doi.org/10.71928/M-202305417-N00261
M202305417N00267F02.jpg,clothing pin,M-202305417-N00267,https://doi.org/10.71928/M-202305417-N00267
M202305417N00268F02.jpg,sickle,M-202305417-N00268,https://doi.org/10.71928/M-202305417-N00268
M202305417N00270F01.jpg,clothing pin,M-202305417-N00270,https://doi.org/10.71928/M-202305417-N00270
M202305417N00274F02.jpg,circle/ring,M-202305417-N00274,https://doi.org/10.71928/M-202305417-N00274
M202305417N00276F01.jpg,clothing pin,M-202305417-N00276,https://doi.org/10.71928/M-202305417-N00276
M202305417N00279F01.jpg,sickle,M-202305417-N00279,https://doi.org/10.71928/M-202305417-N00279
M202305417N00280F01.jpg,sickle,M-202305417-N00280,https://doi.org/10.71928/M-202305417-N00280
M202305417N00283F02.jpg,clothing pin,M-202305417-N00283,https://doi.org/10.71928/M-202305417-N00283
M202305417N00284F01.jpg,pendant,M-202305417-N00284,https://doi.org/10.71928/M-202305417-N00284
M202305417N00289F01.jpg,arrow/arrowhead,M-202305417-N00289,https://doi.org/10.71928/M-202305417-N00289
M202305417N00291F02.jpg,clothing pin,M-202305417-N00291,https://doi.org/10.71928/M-202305417-N00291
M202305417N00296F03.jpg,bracelet,M-202305417-N00296,https://doi.org/10.71928/M-202305417-N00296
M202305417N00298F01.jpg,fibula,M-202305417-N00298,https://doi.org/10.71928/M-202305417-N00298
M202305417N00301F01.jpg,arrow/arrowhead,M-202305417-N00301,https://doi.org/10.71928/M-202305417-N00301
M202305417N00306F02.jpg,sickle,M-202305417-N00306,https://doi.org/10.71928/M-202305417-N00306
M202305417N00311F02.jpg,arrow/arrowhead,M-202305417-N00311,https://doi.org/10.71928/M-202305417-N00311
M202305417N00316F02.jpg,clothing pin,M-202305417-N00316,https://doi.org/10.71928/M-202305417-N00316
M202305417N00320F01.jpg,pendant,M-202305417-N00320,https://doi.org/10.71928/M-202305417-N00320
M202305417N00343F02.jpg,circle/ring,M-202305417-N00343,https://doi.org/10.71928/M-202305417-N00343
M202305417N00346F02.jpg,coin,M-202305417-N00346,https://doi.org/10.71928/M-202305417-N00346
M202305417N00363F01.jpg,circle/ring,M-202305417-N00363,https://doi.org/10.71928/M-202305417-N00363
M202305417N00366F01.jpg,circle/ring,M-202305417-N00366,https://doi.org/10.71928/M-202305417-N00366
M202305417N00367F01.jpg,pendant,M-202305417-N00367,https://doi.org/10.71928/M-202305417-N00367
M202305417N00378F02.jpg,circle/ring,M-202305417-N00378,https://doi.org/10.71928/M-202305417-N00378
M202305417N00383F01.jpg,circle/ring,M-202305417-N00383,https://doi.org/10.71928/M-202305417-N00383
M202305417N00384F01.jpg,circle/ring,M-202305417-N00384,https://doi.org/10.71928/M-202305417-N00384
M202305417N00390F04.jpg,coin,M-202305417-N00390,https://doi.org/10.71928/M-202305417-N00390
M202305417N00396F02.jpg,bracelet,M-202305417-N00396,https://doi.org/10.71928/M-202305417-N00396
M202305417N00398F01.jpg,circle/ring,M-202305417-N00398,https://doi.org/10.71928/M-202305417-N00398
M202305417N00405F01.jpg,pendant,M-202305417-N00405,https://doi.org/10.71928/M-202305417-N00405
M202305417N00408F01.jpg,circle/ring,M-202305417-N00408,https://doi.org/10.71928/M-202305417-N00408
M202305417N00410F02.jpg,circle/ring,M-202305417-N00410,https://doi.org/10.71928/M-202305417-N00410
M202305417N00411F03.jpg,sickle,M-202305417-N00411,https://doi.org/10.71928/M-202305417-N00411
M202305417N00425F03.jpg,pendant,M-202305417-N00425,https://doi.org/10.71928/M-202305417-N00425
M202305417N00428F01.jpg,circle/ring,M-202305417-N00428,https://doi.org/10.71928/M-202305417-N00428
M202305417N00430F01.jpg,clothing pin,M-202305417-N00430,https://doi.org/10.71928/M-202305417-N00430
M202305417N00432F01.jpg,arrow/arrowhead,M-202305417-N00432,https://doi.org/10.71928/M-202305417-N00432
M202305417N00437F01.jpg,bracelet,M-202305417-N00437,https://doi.org/10.71928/M-202305417-N00437
M202305417N00438F01.jpg,bracelet,M-202305417-N00438,https://doi.org/10.71928/M-202305417-N00438
M202305417N00440F02.jpg,bracelet,M-202305417-N00440,https://doi.org/10.71928/M-202305417-N00440
M202400061N00006F01.jpg,clothing pin,M-202400061-N00006,https://doi.org/10.71928/M-202400061-N00006
M202400061N00008F01.jpg,mount,M-202400061-N00008,https://doi.org/10.71928/M-202400061-N00008
M202400061N00009F01.jpg,clothing pin,M-202400061-N00009,https://doi.org/10.71928/M-202400061-N00009
M202400061N00013F01.jpg,clothing pin,M-202400061-N00013,https://doi.org/10.71928/M-202400061-N00013
M202400061N00015F01.jpg,clothing pin,M-202400061-N00015,https://doi.org/10.71928/M-202400061-N00015
M202400061N00017F01.jpg,sickle,M-202400061-N00017,https://doi.org/10.71928/M-202400061-N00017
M202400061N00022F02.jpg,buckle,M-202400061-N00022,https://doi.org/10.71928/M-202400061-N00022
M202400061N00024F01.jpg,pendant,M-202400061-N00024,https://doi.org/10.71928/M-202400061-N00024
M202400061N00033F01.jpg,clothing pin,M-202400061-N00033,https://doi.org/10.71928/M-202400061-N00033
M202400061N00035F02.jpg,sickle,M-202400061-N00035,https://doi.org/10.71928/M-202400061-N00035
M202400061N00051F01.jpg,sickle,M-202400061-N00051,https://doi.org/10.71928/M-202400061-N00051
M202400061N00052F01.jpg,arrow/arrowhead,M-202400061-N00052,https://doi.org/10.71928/M-202400061-N00052
M202400061N00054F01.jpg,bracelet,M-202400061-N00054,https://doi.org/10.71928/M-202400061-N00054
M202400061N00055F01.jpg,bracelet,M-202400061-N00055,https://doi.org/10.71928/M-202400061-N00055
M202400061N00057F01.jpg,clothing pin,M-202400061-N00057,https://doi.org/10.71928/M-202400061-N00057
M202400061N00065F01.jpg,circle/ring,M-202400061-N00065,https://doi.org/10.71928/M-202400061-N00065
M202400061N00068F01.jpg,clothing pin,M-202400061-N00068,https://doi.org/10.71928/M-202400061-N00068
M202400061N00076F01.jpg,arrow/arrowhead,M-202400061-N00076,https://doi.org/10.71928/M-202400061-N00076
M202400061N00077F01.jpg,arrow/arrowhead,M-202400061-N00077,https://doi.org/10.71928/M-202400061-N00077
M202400061N00084F01.jpg,sickle,M-202400061-N00084,https://doi.org/10.71928/M-202400061-N00084
M202400061N00085F01.jpg,sickle,M-202400061-N00085,https://doi.org/10.71928/M-202400061-N00085
M202400061N00092F01.jpg,sickle,M-202400061-N00092,https://doi.org/10.71928/M-202400061-N00092
M202400061N00098F01.jpg,bracelet,M-202400061-N00098,https://doi.org/10.71928/M-202400061-N00098
M202400061N00099F01.jpg,arrow/arrowhead,M-202400061-N00099,https://doi.org/10.71928/M-202400061-N00099
M202400061N00100F01.jpg,arrow/arrowhead,M-202400061-N00100,https://doi.org/10.71928/M-202400061-N00100
M202400061N00104F01.jpg,bracelet,M-202400061-N00104,https://doi.org/10.71928/M-202400061-N00104
M202400061N00105F01.jpg,bracelet,M-202400061-N00105,https://doi.org/10.71928/M-202400061-N00105
M202400061N00106F01.jpg,bracelet,M-202400061-N00106,https://doi.org/10.71928/M-202400061-N00106
M202400061N00107F01.jpg,bracelet,M-202400061-N00107,https://doi.org/10.71928/M-202400061-N00107
M202400061N00108F01.jpg,bracelet,M-202400061-N00108,https://doi.org/10.71928/M-202400061-N00108
M202400061N00109F01.jpg,bracelet,M-202400061-N00109,https://doi.org/10.71928/M-202400061-N00109
M202400061N00110F01.jpg,bracelet,M-202400061-N00110,https://doi.org/10.71928/M-202400061-N00110
M202400061N00111F01.jpg,bracelet,M-202400061-N00111,https://doi.org/10.71928/M-202400061-N00111
M202400061N00112F01.jpg,bracelet,M-202400061-N00112,https://doi.org/10.71928/M-202400061-N00112
M202400061N00114F01.jpg,sickle,M-202400061-N00114,https://doi.org/10.71928/M-202400061-N00114
M202400061N00115F01.jpg,sickle,M-202400061-N00115,https://doi.org/10.71928/M-202400061-N00115
M202400061N00116F01.jpg,sickle,M-202400061-N00116,https://doi.org/10.71928/M-202400061-N00116
M202400061N00121F01.jpg,clothing pin,M-202400061-N00121,https://doi.org/10.71928/M-202400061-N00121
M202400061N00129F01.jpg,circle/ring,M-202400061-N00129,https://doi.org/10.71928/M-202400061-N00129
M202400061N00136F01.jpg,arrow/arrowhead,M-202400061-N00136,https://doi.org/10.71928/M-202400061-N00136
M202400061N00141F01.jpg,clothing pin,M-202400061-N00141,https://doi.org/10.71928/M-202400061-N00141
M202400061N00145F01.jpg,coin,M-202400061-N00145,https://doi.org/10.71928/M-202400061-N00145
M202400061N00150F01.jpg,bracelet,M-202400061-N00150,https://doi.org/10.71928/M-202400061-N00150
M202400061N00153F01.jpg,arrow/arrowhead,M-202400061-N00153,https://doi.org/10.71928/M-202400061-N00153
M202400061N00155F01.jpg,arrow/arrowhead,M-202400061-N00155,https://doi.org/10.71928/M-202400061-N00155
M202400061N00161F01.jpg,bracelet,M-202400061-N00161,https://doi.org/10.71928/M-202400061-N00161
M202400061N00166F01.jpg,arrow/arrowhead,M-202400061-N00166,https://doi.org/10.71928/M-202400061-N00166
M202400061N00167F01.jpg,buckle,M-202400061-N00167,https://doi.org/10.71928/M-202400061-N00167
M202400061N00175F06.jpg,mount,M-202400061-N00175,https://doi.org/10.71928/M-202400061-N00175
M202400061N00177F02.jpg,circle/ring,M-202400061-N00177,https://doi.org/10.71928/M-202400061-N00177
M202400061N00178F01.jpg,circle/ring,M-202400061-N00178,https://doi.org/10.71928/M-202400061-N00178
M202400061N00180F01.jpg,circle/ring,M-202400061-N00180,https://doi.org/10.71928/M-202400061-N00180
M202400061N00182F01.jpg,clothing pin,M-202400061-N00182,https://doi.org/10.71928/M-202400061-N00182
M202400061N00186F02.jpg,bracelet,M-202400061-N00186,https://doi.org/10.71928/M-202400061-N00186
M202400061N00191F01.jpg,arrow/arrowhead,M-202400061-N00191,https://doi.org/10.71928/M-202400061-N00191
M202400061N00194F01.jpg,arrow/arrowhead,M-202400061-N00194,https://doi.org/10.71928/M-202400061-N00194
M202400061N00195F01.jpg,arrow/arrowhead,M-202400061-N00195,https://doi.org/10.71928/M-202400061-N00195
M202400061N00197F01.jpg,arrow/arrowhead,M-202400061-N00197,https://doi.org/10.71928/M-202400061-N00197
M202400061N00198F01.jpg,sickle,M-202400061-N00198,https://doi.org/10.71928/M-202400061-N00198
M202400061N00201F01.jpg,clothing pin,M-202400061-N00201,https://doi.org/10.71928/M-202400061-N00201
M202400061N00204F01.jpg,clothing pin,M-202400061-N00204,https://doi.org/10.71928/M-202400061-N00204
M202400061N00205F01.jpg,bracelet,M-202400061-N00205,https://doi.org/10.71928/M-202400061-N00205
M202400061N00209F01.jpg,bracelet,M-202400061-N00209,https://doi.org/10.71928/M-202400061-N00209
M202400061N00210F01.jpg,arrow/arrowhead,M-202400061-N00210,https://doi.org/10.71928/M-202400061-N00210
M202400061N00211F01.jpg,circle/ring,M-202400061-N00211,https://doi.org/10.71928/M-202400061-N00211
M202400061N00219F01.jpg,arrow/arrowhead,M-202400061-N00219,https://doi.org/10.71928/M-202400061-N00219
M202400061N00224F01.jpg,bracelet,M-202400061-N00224,https://doi.org/10.71928/M-202400061-N00224
M202400061N00227F01.jpg,circle/ring,M-202400061-N00227,https://doi.org/10.71928/M-202400061-N00227
M202400061N00240F01.jpg,circle/ring,M-202400061-N00240,https://doi.org/10.71928/M-202400061-N00240
M202400061N00241F01.jpg,pendant,M-202400061-N00241,https://doi.org/10.71928/M-202400061-N00241
M202400061N00242F01.jpg,bracelet,M-202400061-N00242,https://doi.org/10.71928/M-202400061-N00242
M202400061N00260F02.jpg,bracelet,M-202400061-N00260,https://doi.org/10.71928/M-202400061-N00260
M202400061N00261F01.jpg,clothing pin,M-202400061-N00261,https://doi.org/10.71928/M-202400061-N00261
M202400061N00262F01.jpg,arrow/arrowhead,M-202400061-N00262,https://doi.org/10.71928/M-202400061-N00262
M202400061N00264F01.jpg,arrow/arrowhead,M-202400061-N00264,https://doi.org/10.71928/M-202400061-N00264
M202400061N00269F01.jpg,circle/ring,M-202400061-N00269,https://doi.org/10.71928/M-202400061-N00269
M202400061N00277F02.jpg,buckle,M-202400061-N00277,https://doi.org/10.71928/M-202400061-N00277
M202400061N00277F03.jpg,buckle,M-202400061-N00277,https://doi.org/10.71928/M-202400061-N00277
M202400061N00278F01.jpg,arrow/arrowhead,M-202400061-N00278,https://doi.org/10.71928/M-202400061-N00278
M202400061N00282F01.jpg,clothing pin,M-202400061-N00282,https://doi.org/10.71928/M-202400061-N00282
M202400061N00284F01.jpg,bracelet,M-202400061-N00284,https://doi.org/10.71928/M-202400061-N00284
M202400061N00285F01.jpg,clothing pin,M-202400061-N00285,https://doi.org/10.71928/M-202400061-N00285
M202400061N00295F01.jpg,fibula,M-202400061-N00295,https://doi.org/10.71928/M-202400061-N00295
M202400061N00313F01.jpg,arrow/arrowhead,M-202400061-N00313,https://doi.org/10.71928/M-202400061-N00313
M202400061N00335F01.jpg,circle/ring,M-202400061-N00335,https://doi.org/10.71928/M-202400061-N00335
M202400061N00337F01.jpg,arrow/arrowhead,M-202400061-N00337,https://doi.org/10.71928/M-202400061-N00337
M202400061N00340F01.jpg,pendant,M-202400061-N00340,https://doi.org/10.71928/M-202400061-N00340
M202400061N00342F01.jpg,bracelet,M-202400061-N00342,https://doi.org/10.71928/M-202400061-N00342
M202400061N00344F01.jpg,arrow/arrowhead,M-202400061-N00344,https://doi.org/10.71928/M-202400061-N00344
M202400061N00346F01.jpg,circle/ring,M-202400061-N00346,https://doi.org/10.71928/M-202400061-N00346
M202400061N00350F01.jpg,clothing pin,M-202400061-N00350,https://doi.org/10.71928/M-202400061-N00350
M202400061N00352F01.jpg,clothing pin,M-202400061-N00352,https://doi.org/10.71928/M-202400061-N00352
M202400061N00353F01.jpg,sickle,M-202400061-N00353,https://doi.org/10.71928/M-202400061-N00353
M202400061N00355F01.jpg,sickle,M-202400061-N00355,https://doi.org/10.71928/M-202400061-N00355
M202400061N00360F01.jpg,arrow/arrowhead,M-202400061-N00360,https://doi.org/10.71928/M-202400061-N00360
M202400061N00361F01.jpg,sickle,M-202400061-N00361,https://doi.org/10.71928/M-202400061-N00361
M202400061N00369F01.jpg,sickle,M-202400061-N00369,https://doi.org/10.71928/M-202400061-N00369
M202400061N00370F01.jpg,clothing pin,M-202400061-N00370,https://doi.org/10.71928/M-202400061-N00370
M202400061N00374F01.jpg,clothing pin,M-202400061-N00374,https://doi.org/10.71928/M-202400061-N00374
M202400061N00376F01.jpg,clothing pin,M-202400061-N00376,https://doi.org/10.71928/M-202400061-N00376
M202400061N00378F01.jpg,sickle,M-202400061-N00378,https://doi.org/10.71928/M-202400061-N00378
M202400061N00383F01.jpg,bracelet,M-202400061-N00383,https://doi.org/10.71928/M-202400061-N00383
M202400061N00385F01.jpg,pendant,M-202400061-N00385,https://doi.org/10.71928/M-202400061-N00385
M202400061N00388F01.jpg,bracelet,M-202400061-N00388,https://doi.org/10.71928/M-202400061-N00388
M202400061N00389F01.jpg,bracelet,M-202400061-N00389,https://doi.org/10.71928/M-202400061-N00389
M202400061N00391F01.jpg,bracelet,M-202400061-N00391,https://doi.org/10.71928/M-202400061-N00391
M202400061N00392F01.jpg,sickle,M-202400061-N00392,https://doi.org/10.71928/M-202400061-N00392
M202400061N00395F01.jpg,sickle,M-202400061-N00395,https://doi.org/10.71928/M-202400061-N00395
M202400061N00403F01.jpg,mount,M-202400061-N00403,https://doi.org/10.71928/M-202400061-N00403
M202400061N00404F01.jpg,clothing pin,M-202400061-N00404,https://doi.org/10.71928/M-202400061-N00404
M202400061N00407F01.jpg,clothing pin,M-202400061-N00407,https://doi.org/10.71928/M-202400061-N00407
M202400061N00408F01.jpg,pendant,M-202400061-N00408,https://doi.org/10.71928/M-202400061-N00408
M202400061N00410F01.jpg,clothing pin,M-202400061-N00410,https://doi.org/10.71928/M-202400061-N00410
M202400061N00416F01.jpg,clothing pin,M-202400061-N00416,https://doi.org/10.71928/M-202400061-N00416
M202400071N00002F01.jpg,circle/ring,M-202400071-N00002,https://doi.org/10.71928/M-202400071-N00002
M202400071N00007F01.jpg,pendant,M-202400071-N00007,https://doi.org/10.71928/M-202400071-N00007
M202400071N00013F01.jpg,buckle,M-202400071-N00013,https://doi.org/10.71928/M-202400071-N00013
M202400071N00018F01.jpg,arrow/arrowhead,M-202400071-N00018,https://doi.org/10.71928/M-202400071-N00018
M202400071N00021F01.jpg,arrow/arrowhead,M-202400071-N00021,https://doi.org/10.71928/M-202400071-N00021
M202400071N00030F01.jpg,sickle,M-202400071-N00030,https://doi.org/10.71928/M-202400071-N00030
M202400071N00032F01.jpg,buckle,M-202400071-N00032,https://doi.org/10.71928/M-202400071-N00032
M202400071N00034F01.jpg,buckle,M-202400071-N00034,https://doi.org/10.71928/M-202400071-N00034
M202400071N00036F01.jpg,buckle,M-202400071-N00036,https://doi.org/10.71928/M-202400071-N00036
M202400071N00039F02.jpg,buckle,M-202400071-N00039,https://doi.org/10.71928/M-202400071-N00039
M202400071N00040F01.jpg,bracelet,M-202400071-N00040,https://doi.org/10.71928/M-202400071-N00040
M202400071N00040F02.jpg,bracelet,M-202400071-N00040,https://doi.org/10.71928/M-202400071-N00040
M202400071N00041F01.jpg,sickle,M-202400071-N00041,https://doi.org/10.71928/M-202400071-N00041
M202400071N00049F01.jpg,arrow/arrowhead,M-202400071-N00049,https://doi.org/10.71928/M-202400071-N00049
M202400071N00050F01.jpg,sickle,M-202400071-N00050,https://doi.org/10.71928/M-202400071-N00050
M202400071N00054F02.jpg,sickle,M-202400071-N00054,https://doi.org/10.71928/M-202400071-N00054
M202400071N00057F04.jpg,coin,M-202400071-N00057,https://doi.org/10.71928/M-202400071-N00057
M202400071N00063F01.jpg,bracelet,M-202400071-N00063,https://doi.org/10.71928/M-202400071-N00063
M202400071N00066F02.jpg,coin,M-202400071-N00066,https://doi.org/10.71928/M-202400071-N00066
M202400071N00068F01.jpg,arrow/arrowhead,M-202400071-N00068,https://doi.org/10.71928/M-202400071-N00068
M202400071N00074F01.jpg,arrow/arrowhead,M-202400071-N00074,https://doi.org/10.71928/M-202400071-N00074
M202400071N00076F01.jpg,mount,M-202400071-N00076,https://doi.org/10.71928/M-202400071-N00076
M202400071N00077F01.jpg,arrow/arrowhead,M-202400071-N00077,https://doi.org/10.71928/M-202400071-N00077
M202400071N00081F01.jpg,arrow/arrowhead,M-202400071-N00081,https://doi.org/10.71928/M-202400071-N00081
M202400071N00095F02.jpg,buckle,M-202400071-N00095,https://doi.org/10.71928/M-202400071-N00095
M202400071N00099F01.jpg,mount,M-202400071-N00099,https://doi.org/10.71928/M-202400071-N00099
M202400071N00101F01.jpg,mount,M-202400071-N00101,https://doi.org/10.71928/M-202400071-N00101
M202400071N00103F01.jpg,buckle,M-202400071-N00103,https://doi.org/10.71928/M-202400071-N00103
M202400071N00105F01.jpg,arrow/arrowhead,M-202400071-N00105,https://doi.org/10.71928/M-202400071-N00105
M202400071N00119F01.jpg,mount,M-202400071-N00119,https://doi.org/10.71928/M-202400071-N00119
M202400072N00002F01.jpg,mount,M-202400072-N00002,https://doi.org/10.71928/M-202400072-N00002
M202400072N00005F01.jpg,sickle,M-202400072-N00005,https://doi.org/10.71928/M-202400072-N00005
M202400072N00010F02.jpg,fibula,M-202400072-N00010,https://doi.org/10.71928/M-202400072-N00010
M202400072N00011F01.jpg,fibula,M-202400072-N00011,https://doi.org/10.71928/M-202400072-N00011
M202400095N00001F02.jpg,coin,M-202400095-N00001,https://doi.org/10.71928/M-202400095-N00001
M202400095N00064F01.jpg,pendant,M-202400095-N00064,https://doi.org/10.71928/M-202400095-N00064
M202400098N00002F02.jpg,fibula,M-202400098-N00002,https://doi.org/10.71928/M-202400098-N00002
M202400098N00013F02.jpg,fibula,M-202400098-N00013,https://doi.org/10.71928/M-202400098-N00013
M202400098N00014F01.jpg,fibula,M-202400098-N00014,https://doi.org/10.71928/M-202400098-N00014
M202400098N00022F01.jpg,clothing pin,M-202400098-N00022,https://doi.org/10.71928/M-202400098-N00022
M202400098N00024F01.jpg,buckle,M-202400098-N00024,https://doi.org/10.71928/M-202400098-N00024
M202400098N00027F01.jpg,sickle,M-202400098-N00027,https://doi.org/10.71928/M-202400098-N00027
M202400098N00029F01.jpg,sickle,M-202400098-N00029,https://doi.org/10.71928/M-202400098-N00029
M202400098N00034F01.jpg,arrow/arrowhead,M-202400098-N00034,https://doi.org/10.71928/M-202400098-N00034
M202400098N00044F01.jpg,clothing pin,M-202400098-N00044,https://doi.org/10.71928/M-202400098-N00044
M202400098N00045F01.jpg,clothing pin,M-202400098-N00045,https://doi.org/10.71928/M-202400098-N00045
M202400098N00046F01.jpg,clothing pin,M-202400098-N00046,https://doi.org/10.71928/M-202400098-N00046
M202400098N00087F01.jpg,pendant,M-202400098-N00087,https://doi.org/10.71928/M-202400098-N00087
M202400098N00193F03.jpg,arrow/arrowhead,M-202400098-N00193,https://doi.org/10.71928/M-202400098-N00193
M202400098N00195F01.jpg,arrow/arrowhead,M-202400098-N00195,https://doi.org/10.71928/M-202400098-N00195
M202400098N00196F01.jpg,mount,M-202400098-N00196,https://doi.org/10.71928/M-202400098-N00196
M202400098N00198F01.jpg,bracelet,M-202400098-N00198,https://doi.org/10.71928/M-202400098-N00198
M202400098N00207F01.jpg,buckle,M-202400098-N00207,https://doi.org/10.71928/M-202400098-N00207
M202400098N00208F01.jpg,buckle,M-202400098-N00208,https://doi.org/10.71928/M-202400098-N00208
M202400098N00210F01.jpg,pendant,M-202400098-N00210,https://doi.org/10.71928/M-202400098-N00210
M202400098N00213F01.jpg,fibula,M-202400098-N00213,https://doi.org/10.71928/M-202400098-N00213
M202400098N00221F02.jpg,mount,M-202400098-N00221,https://doi.org/10.71928/M-202400098-N00221
M202400098N00222F01.jpg,mount,M-202400098-N00222,https://doi.org/10.71928/M-202400098-N00222
M202400098N00224F01.jpg,buckle,M-202400098-N00224,https://doi.org/10.71928/M-202400098-N00224
M202400098N00228F01.jpg,sickle,M-202400098-N00228,https://doi.org/10.71928/M-202400098-N00228
M202400098N00232F01.jpg,pendant,M-202400098-N00232,https://doi.org/10.71928/M-202400098-N00232
M202400098N00235F01.jpg,pendant,M-202400098-N00235,https://doi.org/10.71928/M-202400098-N00235
M202400098N00244F01.jpg,bracelet,M-202400098-N00244,https://doi.org/10.71928/M-202400098-N00244
M202400098N00246F01.jpg,coin,M-202400098-N00246,https://doi.org/10.71928/M-202400098-N00246
M202400098N00268F01.jpg,fibula,M-202400098-N00268,https://doi.org/10.71928/M-202400098-N00268
M202400098N00275F01.jpg,fibula,M-202400098-N00275,https://doi.org/10.71928/M-202400098-N00275
M202400098N00280F01.jpg,clothing pin,M-202400098-N00280,https://doi.org/10.71928/M-202400098-N00280
M202400098N00301F01.jpg,fibula,M-202400098-N00301,https://doi.org/10.71928/M-202400098-N00301
M202400098N00304F01.jpg,fibula,M-202400098-N00304,https://doi.org/10.71928/M-202400098-N00304
M202400098N00310F01.jpg,fibula,M-202400098-N00310,https://doi.org/10.71928/M-202400098-N00310
M202400098N00311F02.jpg,fibula,M-202400098-N00311,https://doi.org/10.71928/M-202400098-N00311
M202400098N00321F01.jpg,sickle,M-202400098-N00321,https://doi.org/10.71928/M-202400098-N00321
M202400098N00325F01.jpg,arrow/arrowhead,M-202400098-N00325,https://doi.org/10.71928/M-202400098-N00325
M202400098N00326F01.jpg,clothing pin,M-202400098-N00326,https://doi.org/10.71928/M-202400098-N00326
M202400098N00327F01.jpg,clothing pin,M-202400098-N00327,https://doi.org/10.71928/M-202400098-N00327
M202400098N00330F01.jpg,buckle,M-202400098-N00330,https://doi.org/10.71928/M-202400098-N00330
M202400098N00331F01.jpg,buckle,M-202400098-N00331,https://doi.org/10.71928/M-202400098-N00331
M202400098N00332F01.jpg,buckle,M-202400098-N00332,https://doi.org/10.71928/M-202400098-N00332
M202400098N00333F01.jpg,buckle,M-202400098-N00333,https://doi.org/10.71928/M-202400098-N00333
M202400098N00334F01.jpg,buckle,M-202400098-N00334,https://doi.org/10.71928/M-202400098-N00334
M202400098N00336F01.jpg,mount,M-202400098-N00336,https://doi.org/10.71928/M-202400098-N00336
M202400098N00337F01.jpg,mount,M-202400098-N00337,https://doi.org/10.71928/M-202400098-N00337
M202400098N00341F01.jpg,arrow/arrowhead,M-202400098-N00341,https://doi.org/10.71928/M-202400098-N00341
M202400098N00354F01.jpg,buckle,M-202400098-N00354,https://doi.org/10.71928/M-202400098-N00354
M202400098N00365F01.jpg,sickle,M-202400098-N00365,https://doi.org/10.71928/M-202400098-N00365
M202400098N00366F01.jpg,sickle,M-202400098-N00366,https://doi.org/10.71928/M-202400098-N00366
M202400098N00410F01.jpg,bracelet,M-202400098-N00410,https://doi.org/10.71928/M-202400098-N00410
M202400098N00417F01.jpg,fibula,M-202400098-N00417,https://doi.org/10.71928/M-202400098-N00417
M202400098N00419F01.jpg,sickle,M-202400098-N00419,https://doi.org/10.71928/M-202400098-N00419
M202400098N00428F02.jpg,coin,M-202400098-N00428,https://doi.org/10.71928/M-202400098-N00428
M202400098N00432F01.jpg,coin,M-202400098-N00432,https://doi.org/10.71928/M-202400098-N00432
M202400098N00434F01.jpg,coin,M-202400098-N00434,https://doi.org/10.71928/M-202400098-N00434
M202400098N00447F01.jpg,coin,M-202400098-N00447,https://doi.org/10.71928/M-202400098-N00447
M202400098N00450F01.jpg,coin,M-202400098-N00450,https://doi.org/10.71928/M-202400098-N00450
M202400098N00461F02.jpg,coin,M-202400098-N00461,https://doi.org/10.71928/M-202400098-N00461
M202400098N00462F02.jpg,coin,M-202400098-N00462,https://doi.org/10.71928/M-202400098-N00462
M202400098N00465F02.jpg,coin,M-202400098-N00465,https://doi.org/10.71928/M-202400098-N00465
M202400098N00469F01.jpg,coin,M-202400098-N00469,https://doi.org/10.71928/M-202400098-N00469
M202400098N00472F01.jpg,pendant,M-202400098-N00472,https://doi.org/10.71928/M-202400098-N00472
M202400098N00476F02.jpg,coin,M-202400098-N00476,https://doi.org/10.71928/M-202400098-N00476
M202400098N00477F01.jpg,coin,M-202400098-N00477,https://doi.org/10.71928/M-202400098-N00477
M202400098N00481F02.jpg,coin,M-202400098-N00481,https://doi.org/10.71928/M-202400098-N00481
M202400098N00483F01.jpg,coin,M-202400098-N00483,https://doi.org/10.71928/M-202400098-N00483
M202400098N00485F01.jpg,coin,M-202400098-N00485,https://doi.org/10.71928/M-202400098-N00485
M202400098N00487F01.jpg,coin,M-202400098-N00487,https://doi.org/10.71928/M-202400098-N00487
M202400098N00494F01.jpg,coin,M-202400098-N00494,https://doi.org/10.71928/M-202400098-N00494
M202400098N00495F02.jpg,pendant,M-202400098-N00495,https://doi.org/10.71928/M-202400098-N00495
M202400098N00502F01.jpg,arrow/arrowhead,M-202400098-N00502,https://doi.org/10.71928/M-202400098-N00502
M202400098N00511F01.jpg,arrow/arrowhead,M-202400098-N00511,https://doi.org/10.71928/M-202400098-N00511
M202400098N00521F01.jpg,pendant,M-202400098-N00521,https://doi.org/10.71928/M-202400098-N00521
M202400098N00522F01.jpg,pendant,M-202400098-N00522,https://doi.org/10.71928/M-202400098-N00522
M202400098N00541F01.jpg,fibula,M-202400098-N00541,https://doi.org/10.71928/M-202400098-N00541
M202400098N00544F01.jpg,fibula,M-202400098-N00544,https://doi.org/10.71928/M-202400098-N00544
M202400098N00545F01.jpg,fibula,M-202400098-N00545,https://doi.org/10.71928/M-202400098-N00545
M202400098N00546F01.jpg,fibula,M-202400098-N00546,https://doi.org/10.71928/M-202400098-N00546
M202400098N00550F01.jpg,fibula,M-202400098-N00550,https://doi.org/10.71928/M-202400098-N00550
M202400098N00555F01.jpg,coin,M-202400098-N00555,https://doi.org/10.71928/M-202400098-N00555
M202400098N00556F01.jpg,buckle,M-202400098-N00556,https://doi.org/10.71928/M-202400098-N00556
M202400098N00557F01.jpg,buckle,M-202400098-N00557,https://doi.org/10.71928/M-202400098-N00557
M202400098N00559F01.jpg,mount,M-202400098-N00559,https://doi.org/10.71928/M-202400098-N00559
M202400098N00565F01.jpg,arrow/arrowhead,M-202400098-N00565,https://doi.org/10.71928/M-202400098-N00565
M202400098N00569F01.jpg,buckle,M-202400098-N00569,https://doi.org/10.71928/M-202400098-N00569
M202400098N00570F01.jpg,buckle,M-202400098-N00570,https://doi.org/10.71928/M-202400098-N00570
M202400098N00574F02.jpg,coin,M-202400098-N00574,https://doi.org/10.71928/M-202400098-N00574
M202400098N00576F01.jpg,coin,M-202400098-N00576,https://doi.org/10.71928/M-202400098-N00576
M202400098N00578F02.jpg,coin,M-202400098-N00578,https://doi.org/10.71928/M-202400098-N00578
M202400098N00584F01.jpg,coin,M-202400098-N00584,https://doi.org/10.71928/M-202400098-N00584
M202400098N00588F02.jpg,pendant,M-202400098-N00588,https://doi.org/10.71928/M-202400098-N00588
M202400098N00591F02.jpg,pendant,M-202400098-N00591,https://doi.org/10.71928/M-202400098-N00591
M202400098N00593F02.jpg,pendant,M-202400098-N00593,https://doi.org/10.71928/M-202400098-N00593
M202400098N00596F01.jpg,coin,M-202400098-N00596,https://doi.org/10.71928/M-202400098-N00596
M202400098N00601F01.jpg,coin,M-202400098-N00601,https://doi.org/10.71928/M-202400098-N00601
M202400098N00606F02.jpg,pendant,M-202400098-N00606,https://doi.org/10.71928/M-202400098-N00606
M202400098N00608F02.jpg,pendant,M-202400098-N00608,https://doi.org/10.71928/M-202400098-N00608
M202400098N00609F02.jpg,pendant,M-202400098-N00609,https://doi.org/10.71928/M-202400098-N00609
M202400098N00614F01.jpg,pendant,M-202400098-N00614,https://doi.org/10.71928/M-202400098-N00614
M202400098N00615F01.jpg,coin,M-202400098-N00615,https://doi.org/10.71928/M-202400098-N00615
M202400098N00618F02.jpg,coin,M-202400098-N00618,https://doi.org/10.71928/M-202400098-N00618
M202400098N00621F02.jpg,coin,M-202400098-N00621,https://doi.org/10.71928/M-202400098-N00621
M202400098N00622F02.jpg,coin,M-202400098-N00622,https://doi.org/10.71928/M-202400098-N00622
M202400098N00623F01.jpg,coin,M-202400098-N00623,https://doi.org/10.71928/M-202400098-N00623
M202400098N00624F01.jpg,pendant,M-202400098-N00624,https://doi.org/10.71928/M-202400098-N00624
M202400098N00635F01.jpg,coin,M-202400098-N00635,https://doi.org/10.71928/M-202400098-N00635
M202400098N00645F02.jpg,coin,M-202400098-N00645,https://doi.org/10.71928/M-202400098-N00645
M202400098N00646F02.jpg,pendant,M-202400098-N00646,https://doi.org/10.71928/M-202400098-N00646
M202400098N00654F02.jpg,pendant,M-202400098-N00654,https://doi.org/10.71928/M-202400098-N00654
M202400098N00660F01.jpg,pendant,M-202400098-N00660,https://doi.org/10.71928/M-202400098-N00660
M202400098N00661F01.jpg,coin,M-202400098-N00661,https://doi.org/10.71928/M-202400098-N00661
M202400098N00664F01.jpg,pendant,M-202400098-N00664,https://doi.org/10.71928/M-202400098-N00664
M202400098N00668F02.jpg,coin,M-202400098-N00668,https://doi.org/10.71928/M-202400098-N00668
M202400098N00674F02.jpg,coin,M-202400098-N00674,https://doi.org/10.71928/M-202400098-N00674
M202400098N00675F02.jpg,coin,M-202400098-N00675,https://doi.org/10.71928/M-202400098-N00675
M202400098N00676F01.jpg,pendant,M-202400098-N00676,https://doi.org/10.71928/M-202400098-N00676
M202400098N00680F01.jpg,coin,M-202400098-N00680,https://doi.org/10.71928/M-202400098-N00680
M202400098N00682F02.jpg,pendant,M-202400098-N00682,https://doi.org/10.71928/M-202400098-N00682
M202400098N00689F01.jpg,pendant,M-202400098-N00689,https://doi.org/10.71928/M-202400098-N00689
M202400098N00702F02.jpg,fibula,M-202400098-N00702,https://doi.org/10.71928/M-202400098-N00702
M202400098N00712F01.jpg,bracelet,M-202400098-N00712,https://doi.org/10.71928/M-202400098-N00712
M202400098N00713F01.jpg,bracelet,M-202400098-N00713,https://doi.org/10.71928/M-202400098-N00713
M202400098N00716F01.jpg,sickle,M-202400098-N00716,https://doi.org/10.71928/M-202400098-N00716
M202400098N00728F01.jpg,clothing pin,M-202400098-N00728,https://doi.org/10.71928/M-202400098-N00728
M202400098N00729F01.jpg,clothing pin,M-202400098-N00729,https://doi.org/10.71928/M-202400098-N00729
M202400098N00733F01.jpg,clothing pin,M-202400098-N00733,https://doi.org/10.71928/M-202400098-N00733
M202400098N00734F01.jpg,buckle,M-202400098-N00734,https://doi.org/10.71928/M-202400098-N00734
M202400098N00736F01.jpg,sickle,M-202400098-N00736,https://doi.org/10.71928/M-202400098-N00736
M202400098N00737F01.jpg,sickle,M-202400098-N00737,https://doi.org/10.71928/M-202400098-N00737
M202400098N00739F01.jpg,sickle,M-202400098-N00739,https://doi.org/10.71928/M-202400098-N00739
M202400098N00742F01.jpg,sickle,M-202400098-N00742,https://doi.org/10.71928/M-202400098-N00742
M202400098N00743F01.jpg,sickle,M-202400098-N00743,https://doi.org/10.71928/M-202400098-N00743
M202400098N00744F01.jpg,sickle,M-202400098-N00744,https://doi.org/10.71928/M-202400098-N00744
M202400098N00745F01.jpg,sickle,M-202400098-N00745,https://doi.org/10.71928/M-202400098-N00745
M202400098N00746F01.jpg,sickle,M-202400098-N00746,https://doi.org/10.71928/M-202400098-N00746
M202400098N00747F01.jpg,sickle,M-202400098-N00747,https://doi.org/10.71928/M-202400098-N00747
M202400098N00750F01.jpg,sickle,M-202400098-N00750,https://doi.org/10.71928/M-202400098-N00750
M202400098N00754F01.jpg,pendant,M-202400098-N00754,https://doi.org/10.71928/M-202400098-N00754
M202400098N00756F01.jpg,mount,M-202400098-N00756,https://doi.org/10.71928/M-202400098-N00756
M202400098N00760F01.jpg,buckle,M-202400098-N00760,https://doi.org/10.71928/M-202400098-N00760
M202400098N00771F01.jpg,sickle,M-202400098-N00771,https://doi.org/10.71928/M-202400098-N00771
M202400098N00772F01.jpg,clothing pin,M-202400098-N00772,https://doi.org/10.71928/M-202400098-N00772
M202400098N00777F01.jpg,sickle,M-202400098-N00777,https://doi.org/10.71928/M-202400098-N00777
M202400098N00780F02.jpg,mount,M-202400098-N00780,https://doi.org/10.71928/M-202400098-N00780
M202400098N00791F01.jpg,arrow/arrowhead,M-202400098-N00791,https://doi.org/10.71928/M-202400098-N00791
M202400098N00796F01.jpg,mount,M-202400098-N00796,https://doi.org/10.71928/M-202400098-N00796
M202400098N00798F01.jpg,pendant,M-202400098-N00798,https://doi.org/10.71928/M-202400098-N00798
M202400098N00802F01.jpg,pendant,M-202400098-N00802,https://doi.org/10.71928/M-202400098-N00802
M202400098N00806F01.jpg,fibula,M-202400098-N00806,https://doi.org/10.71928/M-202400098-N00806
M202400098N00832F02.jpg,coin,M-202400098-N00832,https://doi.org/10.71928/M-202400098-N00832
M202400098N00833F01.jpg,coin,M-202400098-N00833,https://doi.org/10.71928/M-202400098-N00833
M202400098N00840F01.jpg,coin,M-202400098-N00840,https://doi.org/10.71928/M-202400098-N00840
M202400098N00849F01.jpg,coin,M-202400098-N00849,https://doi.org/10.71928/M-202400098-N00849
M202400098N00851F02.jpg,coin,M-202400098-N00851,https://doi.org/10.71928/M-202400098-N00851
M202400098N00852F01.jpg,coin,M-202400098-N00852,https://doi.org/10.71928/M-202400098-N00852
M202400098N00853F01.jpg,coin,M-202400098-N00853,https://doi.org/10.71928/M-202400098-N00853
M202400098N00857F02.jpg,coin,M-202400098-N00857,https://doi.org/10.71928/M-202400098-N00857
M202400098N00860F02.jpg,coin,M-202400098-N00860,https://doi.org/10.71928/M-202400098-N00860
M202400098N00861F02.jpg,coin,M-202400098-N00861,https://doi.org/10.71928/M-202400098-N00861
M202400098N00869F02.jpg,coin,M-202400098-N00869,https://doi.org/10.71928/M-202400098-N00869
M202400098N00880F02.jpg,pendant,M-202400098-N00880,https://doi.org/10.71928/M-202400098-N00880
M202400098N00917F01.jpg,fibula,M-202400098-N00917,https://doi.org/10.71928/M-202400098-N00917
M202400098N00918F01.jpg,fibula,M-202400098-N00918,https://doi.org/10.71928/M-202400098-N00918
M202400098N00934F01.jpg,bracelet,M-202400098-N00934,https://doi.org/10.71928/M-202400098-N00934
M202400098N00945F02.jpg,fibula,M-202400098-N00945,https://doi.org/10.71928/M-202400098-N00945
M202400133N00005F01.jpg,bracelet,M-202400133-N00005,https://doi.org/10.71928/M-202400133-N00005
M202400133N00006F01.jpg,circle/ring,M-202400133-N00006,https://doi.org/10.71928/M-202400133-N00006
M202400133N00008F01.jpg,pendant,M-202400133-N00008,https://doi.org/10.71928/M-202400133-N00008
M202400133N00012F01.jpg,pendant,M-202400133-N00012,https://doi.org/10.71928/M-202400133-N00012
M202400133N00013F01.jpg,circle/ring,M-202400133-N00013,https://doi.org/10.71928/M-202400133-N00013
M202400133N00041F03.jpg,circle/ring,M-202400133-N00041,https://doi.org/10.71928/M-202400133-N00041
M202400133N00045F02.jpg,mount,M-202400133-N00045,https://doi.org/10.71928/M-202400133-N00045
M202400133N00055F01.jpg,sickle,M-202400133-N00055,https://doi.org/10.71928/M-202400133-N00055
M202400229N00010F01.jpg,bracelet,M-202400229-N00010,https://doi.org/10.71928/M-202400229-N00010
M202400229N00015F01.jpg,circle/ring,M-202400229-N00015,https://doi.org/10.71928/M-202400229-N00015
M202400606N00053F01.jpg,coin,M-202400606-N00053,https://doi.org/10.71928/M-202400606-N00053
M202400606N00065F02.jpg,coin,M-202400606-N00065,https://doi.org/10.71928/M-202400606-N00065
M202400606N00077F01.jpg,coin,M-202400606-N00077,https://doi.org/10.71928/M-202400606-N00077
M202400609N00003F02.jpg,clothing pin,M-202400609-N00003,https://doi.org/10.71928/M-202400609-N00003
M202400609N00016F02.jpg,pendant,M-202400609-N00016,https://doi.org/10.71928/M-202400609-N00016
M202400609N00019F01.jpg,pendant,M-202400609-N00019,https://doi.org/10.71928/M-202400609-N00019
M202400609N00031F01.jpg,clothing pin,M-202400609-N00031,https://doi.org/10.71928/M-202400609-N00031
M202400609N00035F01.jpg,pendant,M-202400609-N00035,https://doi.org/10.71928/M-202400609-N00035
M202400609N00048F01.jpg,buckle,M-202400609-N00048,https://doi.org/10.71928/M-202400609-N00048
M202400609N00049F01.jpg,buckle,M-202400609-N00049,https://doi.org/10.71928/M-202400609-N00049
M202401451N00004F01.jpg,buckle,M-202401451-N00004,https://doi.org/10.71928/M-202401451-N00004
M202405386N00027F01.jpg,buckle,M-202405386-N00027,https://doi.org/10.71928/M-202405386-N00027
M202405386N00028F02.jpg,mount,M-202405386-N00028,https://doi.org/10.71928/M-202405386-N00028
M202405386N00029F01.jpg,mount,M-202405386-N00029,https://doi.org/10.71928/M-202405386-N00029
